id,uri,siglaTipo,codTipo,numero,ano,ementa,dataApresentacao,uriAutores,urlInteiroTeor,primary_author,author_party,author_state,authors,latest_tramitacao_data,latest_tramitacao_descricao,latest_tramitacao_orgao,status_legislativo,urgency_level,impact_level,opportunity_type,keywords_matched,source_id,source_name,official_url,collected_at,is_demo
2417362,https://dadosabertos.camara.leg.br/api/v2/proposicoes/2417362,PL,139,177,2024,"“Institui a Campanha de Conscientização e Prevenção contra Crimes Cibernéticos, cometidos por meio do uso indevido da inteligência artificial, contra crianças e adolescentes.”",2024-02-06T19:16,https://dadosabertos.camara.leg.br/api/v2/proposicoes/2417362/autores,https://www.camara.leg.br/proposicoesWeb/prop_mostrarintegra?codteor=2385470,Saullo Vianna,,,Saullo Vianna,2026-03-13T10:38,Parecer do(a) Relator(a),CPASF,em_tramitacao,medio,baixo,monitoramento,inteligencia artificial;inteligência artificial,camara_proposicoes,Câmara dos Deputados - Dados Abertos,https://dadosabertos.camara.leg.br/api/v2/proposicoes,2026-05-18T09:06:37.310287+00:00,false
2417939,https://dadosabertos.camara.leg.br/api/v2/proposicoes/2417939,PL,139,272,2024,"Dispõe sobre prazo e medidas corretivas em caso de incidente de segurança no tratamento de dados pessoais pela Administração Pública, nos termos da Lei nº 13.709, de 14 de agosto de 2018, Lei Geral de Proteção de Dados (LGPD).",2024-02-16T10:39,https://dadosabertos.camara.leg.br/api/v2/proposicoes/2417939/autores,https://www.camara.leg.br/proposicoesWeb/prop_mostrarintegra?codteor=2387223,Júnior Mano,,,Júnior Mano,2025-09-22T13:43,Notificacao para Publicação Intermediária,CCJC,monitorar,baixo,alto,risco_regulatorio,dados pessoais,camara_proposicoes,Câmara dos Deputados - Dados Abertos,https://dadosabertos.camara.leg.br/api/v2/proposicoes,2026-05-18T09:06:37.310287+00:00,false
2418048,https://dadosabertos.camara.leg.br/api/v2/proposicoes/2418048,PL,139,303,2024,"Altera o art. 6º da Lei nº 9.279, de 14 de maio de 1996, para dispor sobre a titularidade de invenções geradas de forma autônoma por sistemas de inteligência artificial.",2024-02-20T09:51,https://dadosabertos.camara.leg.br/api/v2/proposicoes/2418048/autores,https://www.camara.leg.br/proposicoesWeb/prop_mostrarintegra?codteor=2387544,Júnior Mano,,,Júnior Mano,2026-05-13T09:30,Aprovação do Parecer,CCTI,em_tramitacao,medio,baixo,monitoramento,inteligencia artificial;inteligência artificial,camara_proposicoes,Câmara dos Deputados - Dados Abertos,https://dadosabertos.camara.leg.br/api/v2/proposicoes,2026-05-18T09:06:37.310287+00:00,false
2418221,https://dadosabertos.camara.leg.br/api/v2/proposicoes/2418221,PL,139,330,2024,"Altera a Lei no 13.709, de 14 de agosto de 2018, Lei Geral de Proteção de Dados Pessoais (LGPD), para determinar a obrigatoriedade de obtenção de consentimento do médico e do paciente para o tratamento de dados constantes em documentos emitidos em decorrência de atividades privativas de médico.",2024-02-20T18:01,https://dadosabertos.camara.leg.br/api/v2/proposicoes/2418221/autores,https://www.camara.leg.br/proposicoesWeb/prop_mostrarintegra?codteor=2387909,Gilberto Abramo,,,Gilberto Abramo,2024-04-16T21:41,Encerramento de Prazo,CSAUDE,monitorar,baixo,alto,risco_regulatorio,dados pessoais,camara_proposicoes,Câmara dos Deputados - Dados Abertos,https://dadosabertos.camara.leg.br/api/v2/proposicoes,2026-05-18T09:06:37.310287+00:00,false
2418314,https://dadosabertos.camara.leg.br/api/v2/proposicoes/2418314,PL,139,349,2024,"Institui campanha de prevenção e combate aos crimes digitais contra crianças, adolescentes e pessoas com deficiência praticados com o suporte de ferramentas de inteligência artificial.",2024-02-21T12:07,https://dadosabertos.camara.leg.br/api/v2/proposicoes/2418314/autores,https://www.camara.leg.br/proposicoesWeb/prop_mostrarintegra?codteor=2388131,Maria Rosas,,,Maria Rosas,2025-12-15T08:40,Notificacao para Publicação Intermediária,CPASF,monitorar,baixo,baixo,monitoramento,inteligencia artificial;inteligência artificial,camara_proposicoes,Câmara dos Deputados - Dados Abertos,https://dadosabertos.camara.leg.br/api/v2/proposicoes,2026-05-18T09:06:37.310287+00:00,false
2418325,https://dadosabertos.camara.leg.br/api/v2/proposicoes/2418325,PL,139,357,2024,"Altera a Lei nº 9.394, de 20 de dezembro de 1996, que trata das diretrizes e bases da educação nacional, para dispor sobre a inclusão das atividades de Inteligência Artificial como ensino técnico profissionalizante, na forma subsequente, em cursos destinados a quem tenha concluído o ensino médio.",2024-02-21T14:15,https://dadosabertos.camara.leg.br/api/v2/proposicoes/2418325/autores,https://www.camara.leg.br/proposicoesWeb/prop_mostrarintegra?codteor=2388267,Lucio Mosquini,,,Lucio Mosquini,2024-02-27T00:00,Publicação de Proposição,CCP,monitorar,baixo,baixo,monitoramento,inteligencia artificial;inteligência artificial,camara_proposicoes,Câmara dos Deputados - Dados Abertos,https://dadosabertos.camara.leg.br/api/v2/proposicoes,2026-05-18T09:06:37.310287+00:00,false
2418364,https://dadosabertos.camara.leg.br/api/v2/proposicoes/2418364,PL,139,370,2024,"Inclui uma majorante no crime de violência psicológica contra a mulher quando cometido mediante uso de inteligência artificial ou qualquer outro recurso tecnológico e aumenta a pena cominada ao crime de divulgação de cena de estupro ou de cena de estupro de vulnerável, de cena de sexo ou de pornografia.


NOVA EMENTA: Altera o art. 147-B do Decreto-Lei nº 2.848, de 7 de dezembro de 1940 (Código Penal), para estabelecer causa de aumento de pena no crime de violência psicológica contra a mulher quando praticado com o uso de inteligência artificial ou de qualquer outro recurso tecnológico que altere imagem ou som da vítima.",2024-02-21T17:01,https://dadosabertos.camara.leg.br/api/v2/proposicoes/2418364/autores,https://www.camara.leg.br/proposicoesWeb/prop_mostrarintegra?codteor=2388407,Jandira Feghali,,,Jandira Feghali,2025-04-28T15:59,Apresentação de Proposição,MESA,monitorar,baixo,alto,risco_regulatorio,inteligencia artificial;inteligência artificial,camara_proposicoes,Câmara dos Deputados - Dados Abertos,https://dadosabertos.camara.leg.br/api/v2/proposicoes,2026-05-18T09:06:37.310287+00:00,false
2418485,https://dadosabertos.camara.leg.br/api/v2/proposicoes/2418485,PL,139,390,2024,"Altera a Lei nº 10.406 de 10 de janeiro de 2002 (Código Civil), para reconhecer como fraude anúncios de produtos falsos e golpes financeiros, que envolvam o uso manipulado por inteligência artificial da imagem e voz de pessoas.",2024-02-22T13:32,https://dadosabertos.camara.leg.br/api/v2/proposicoes/2418485/autores,https://www.camara.leg.br/proposicoesWeb/prop_mostrarintegra?codteor=2388831,Camila Jara,,,Camila Jara,2025-03-19T10:00,Saída de Relator(a) da Comissão - Com Parecer Apresentado,CCJC,em_tramitacao,medio,baixo,monitoramento,inteligencia artificial;inteligência artificial,camara_proposicoes,Câmara dos Deputados - Dados Abertos,https://dadosabertos.camara.leg.br/api/v2/proposicoes,2026-05-18T09:06:37.310287+00:00,false
2418663,https://dadosabertos.camara.leg.br/api/v2/proposicoes/2418663,PL,139,434,2024,"Altera a Lei n. 9.504, de 30 de setembro de 1997, para disponibilizar ao público, independente de solicitação, os códigos-fontes auditáveis de quaisquer algoritmos ou sistema automatizado empregado nas urnas eletrônicas eleitorais, de forma a viabilizar a fiscalização pública por meio de divulgação no site oficial do Tribunal Superior Eleitoral.",2024-02-27T11:32,https://dadosabertos.camara.leg.br/api/v2/proposicoes/2418663/autores,https://www.camara.leg.br/proposicoesWeb/prop_mostrarintegra?codteor=2389559,Dr. Allan Garcês,,,Dr. Allan Garcês,2024-02-29T11:28,Recebimento,CCJC,monitorar,baixo,baixo,monitoramento,algoritmo,camara_proposicoes,Câmara dos Deputados - Dados Abertos,https://dadosabertos.camara.leg.br/api/v2/proposicoes,2026-05-18T09:06:37.310287+00:00,false
2418795,https://dadosabertos.camara.leg.br/api/v2/proposicoes/2418795,PL,139,477,2024,"Tipifica na lei penal a alteração de fotos, vídeos e som com o uso de sistema de Inteligência Artificial para praticar violência contra a mulher.",2024-02-28T11:14,https://dadosabertos.camara.leg.br/api/v2/proposicoes/2418795/autores,https://www.camara.leg.br/proposicoesWeb/prop_mostrarintegra?codteor=2390112,Saullo Vianna,,,Saullo Vianna,2025-10-15T16:12,Notificacao para Publicação Intermediária,CCJC,monitorar,baixo,alto,risco_regulatorio,inteligencia artificial;inteligência artificial,camara_proposicoes,Câmara dos Deputados - Dados Abertos,https://dadosabertos.camara.leg.br/api/v2/proposicoes,2026-05-18T09:06:37.310287+00:00,false
2420536,https://dadosabertos.camara.leg.br/api/v2/proposicoes/2420536,PL,139,719,2024,"Dispõe sobre a prorrogação do prazo de incentivos da Política Industrial Para o Setor de Tecnologias da Informação e Comunicação e para o Setor de Semicondutores, estabelecida pelas Leis nº 11.484, de 31 de maio de 2007 e Lei nº 8.248, de 23 de outubro de 1991, com as alterações da Lei nº 13.969, de 26 de dezembro de 2019.",2024-03-12T18:20,https://dadosabertos.camara.leg.br/api/v2/proposicoes/2420536/autores,https://www.camara.leg.br/proposicoesWeb/prop_mostrarintegra?codteor=2394008,Aliel Machado,,,Aliel Machado; Ana Paula Lima; Any Ortiz; Arnaldo Jardim; Bibo Nunes; Bruno Ganem; Capitão Augusto; Carlos Chiodini; Carlos Veras; Carlos Zarattini; Carol Dartora; Célio Studart; Cobalchini; Coronel Telhada; Covatti Filho; Daiana Santos; Damião Feliciano; Daniel Almeida; Daniel Freitas; Daniel Trzeciak; Danilo Forte; Fausto Pinato; Félix Mendonça Júnior; Giacobo; Gilberto Abramo; Heitor Schuch; Hugo Motta; Jadyel Alencar; João Carlos Bacelar; João Leão; Jorge Goetten; Kim Kataguiri; Leonardo Monteiro; Lucas Ramos; Luciano Ducci; Luisa Canziani; Luiz Carlos Busato; Luiz Carlos Hauly; Luiz Carlos Motta; Marangoni; Marcelo Crivella; Márcio Marinho; Marcos Pereira; Maria do Rosário; Mario Frias; Mendonça Filho; Miguel Lombardi; Padovani; Patrus Ananias; Paulo Alexandre Barbosa; Pedro Campos; Pezenti; Pompeo de Mattos; Pr. Marco Feliciano; Rafael Simoes; Raimundo Santos; Reinhold Stephanes; Rodrigo Estacho; Rodrigo Gambale; Rogéria Santos; Ronaldo Nogueira; Sanderson; Saulo Pedroso; Silvye Alves; Socorro Neri; Toninho Wandscheer; Vicentinho; Vinicius Carvalho; Vitor Lippi; Zé Neto; Zé Silva; Zé Trovão; Zé Vitor; Zucco,2024-06-19T00:00,Desapensação,MESA,monitorar,baixo,medio,infraestrutura_digital,semicondutores,camara_proposicoes,Câmara dos Deputados - Dados Abertos,https://dadosabertos.camara.leg.br/api/v2/proposicoes,2026-05-18T09:06:37.310287+00:00,false
2421738,https://dadosabertos.camara.leg.br/api/v2/proposicoes/2421738,PL,139,834,2024,"Dispõe sobre procedimentos para a notificação de vítimas e agentes de segurança pública sobre a soltura de condenados, assegura a proteção de dados pessoais e determina medidas específicas de proteção e assistência às vítimas.",2024-03-19T12:46,https://dadosabertos.camara.leg.br/api/v2/proposicoes/2421738/autores,https://www.camara.leg.br/proposicoesWeb/prop_mostrarintegra?codteor=2396643,Júnior Mano,,,Júnior Mano,2025-12-01T23:59,Saída de Relator(a) da Comissão - Sem Parecer Apresentado,CCJC,em_tramitacao,medio,alto,risco_regulatorio,dados pessoais,camara_proposicoes,Câmara dos Deputados - Dados Abertos,https://dadosabertos.camara.leg.br/api/v2/proposicoes,2026-05-18T09:06:37.310287+00:00,false
2421854,https://dadosabertos.camara.leg.br/api/v2/proposicoes/2421854,PL,139,841,2024,"Altera a Lei nº 8.078, de 11 de setembro de 1990, para tornar obrigatória a exibição de aviso ao consumidor sobre imagem ou vídeo publicitário produzido com o uso de inteligência artificial.",2024-03-19T14:55,https://dadosabertos.camara.leg.br/api/v2/proposicoes/2421854/autores,https://www.camara.leg.br/proposicoesWeb/prop_mostrarintegra?codteor=2396787,Ruy Carneiro,,,Ruy Carneiro,2024-04-16T00:00,Notificação de Apensação,MESA,monitorar,baixo,baixo,monitoramento,inteligencia artificial;inteligência artificial,camara_proposicoes,Câmara dos Deputados - Dados Abertos,https://dadosabertos.camara.leg.br/api/v2/proposicoes,2026-05-18T09:06:37.310287+00:00,false
2421855,https://dadosabertos.camara.leg.br/api/v2/proposicoes/2421855,PL,139,842,2024,"Altera a Lei no 12.965, de 23 de abril de 2014 (Marco Civil da Internet), para dispor sobre a obrigatoriedade de que aplicações de internet que se utilizem de mecanismos de inteligência artificial para a geração de conteúdos audiovisuais insiram sinalização nos conteúdos produzidos.",2024-03-19T14:55,https://dadosabertos.camara.leg.br/api/v2/proposicoes/2421855/autores,https://www.camara.leg.br/proposicoesWeb/prop_mostrarintegra?codteor=2396789,Ruy Carneiro,,,Ruy Carneiro,2024-03-25T17:26,Recebimento,CCTI,monitorar,baixo,baixo,monitoramento,inteligencia artificial;inteligência artificial,camara_proposicoes,Câmara dos Deputados - Dados Abertos,https://dadosabertos.camara.leg.br/api/v2/proposicoes,2026-05-18T09:06:37.310287+00:00,false
2422387,https://dadosabertos.camara.leg.br/api/v2/proposicoes/2422387,PL,139,897,2024,Dispõe sobre a Autenticação de Mídia Digital criada ou modificada por Inteligência Artificial (IA) e dá outras providências.,2024-03-20T15:49,https://dadosabertos.camara.leg.br/api/v2/proposicoes/2422387/autores,https://www.camara.leg.br/proposicoesWeb/prop_mostrarintegra?codteor=2397672,Saullo Vianna,,,Saullo Vianna,2024-03-27T09:25,Recebimento,CCTI,monitorar,baixo,baixo,monitoramento,inteligencia artificial;inteligência artificial,camara_proposicoes,Câmara dos Deputados - Dados Abertos,https://dadosabertos.camara.leg.br/api/v2/proposicoes,2026-05-18T09:06:37.310287+00:00,false
2424910,https://dadosabertos.camara.leg.br/api/v2/proposicoes/2424910,PL,139,1129,2024,"Altera a Lei nº 9.991, de 24 de julho de 2000, que dispõe sobre realização de investimentos em pesquisa e desenvolvimento e em eficiência energética por parte das empresas concessionárias, permissionárias e autorizadas do setor de energia elétrica, e dá outras providências, para dispor sobre incentivos a projetos de geração distribuída em escolas e instituições de ensino públicas.",2024-04-08T19:30,https://dadosabertos.camara.leg.br/api/v2/proposicoes/2424910/autores,https://www.camara.leg.br/proposicoesWeb/prop_mostrarintegra?codteor=2403847,Josivaldo Jp,,,Josivaldo Jp,2025-06-12T00:00,Notificações,CE,monitorar,baixo,medio,fomento_pesquisa_inovacao,pesquisa e desenvolvimento,camara_proposicoes,Câmara dos Deputados - Dados Abertos,https://dadosabertos.camara.leg.br/api/v2/proposicoes,2026-05-18T09:06:37.310287+00:00,false
2427267,https://dadosabertos.camara.leg.br/api/v2/proposicoes/2427267,PL,139,1287,2024,"Altera a Lei no 13.709, de 14 de agosto de 2018, Lei Geral de Proteção de Dados Pessoais, para determinar aos controladores de bancos de dados públicos a implementação de medidas para coibir a coleta ilícita de dados pessoais.",2024-04-16T17:20,https://dadosabertos.camara.leg.br/api/v2/proposicoes/2427267/autores,https://www.camara.leg.br/proposicoesWeb/prop_mostrarintegra?codteor=2408364,Duda Ramos,,,Duda Ramos,2024-04-19T08:12,Despacho de Apensação,MESA,monitorar,baixo,alto,risco_regulatorio,dados pessoais,camara_proposicoes,Câmara dos Deputados - Dados Abertos,https://dadosabertos.camara.leg.br/api/v2/proposicoes,2026-05-18T09:06:37.310287+00:00,false
2430325,https://dadosabertos.camara.leg.br/api/v2/proposicoes/2430325,PL,139,1465,2024,"Estabelece princípios, garantias, direitos e deveres para o desenvolvimento, a implementação e a aplicação da inteligência artificial no Brasil, visando promover sua utilização segura, ética e responsável.",2024-04-26T10:32,https://dadosabertos.camara.leg.br/api/v2/proposicoes/2430325/autores,https://www.camara.leg.br/proposicoesWeb/prop_mostrarintegra?codteor=2414736,Júnior Mano,,,Júnior Mano,2026-05-04T19:15,Designação de Relator(a),CE,em_tramitacao,medio,alto,risco_regulatorio,inteligencia artificial;inteligência artificial,camara_proposicoes,Câmara dos Deputados - Dados Abertos,https://dadosabertos.camara.leg.br/api/v2/proposicoes,2026-05-18T09:06:37.310287+00:00,false
2430744,https://dadosabertos.camara.leg.br/api/v2/proposicoes/2430744,PL,139,1522,2024,Dispõe sobre a utilização de ferramentas tecnológicas de inteligência artificial para gestão e manutenção de dados no Sistema Único de Saúde em todo território nacional,2024-05-02T16:41,https://dadosabertos.camara.leg.br/api/v2/proposicoes/2430744/autores,https://www.camara.leg.br/proposicoesWeb/prop_mostrarintegra?codteor=2416098,Julio Lopes,,,Julio Lopes,2025-05-27T22:41,Encerramento de Prazo,CSAUDE,monitorar,baixo,medio,fomento_pesquisa_inovacao,inteligencia artificial;inteligência artificial;inovacao tecnologica;inovação tecnológica,camara_proposicoes,Câmara dos Deputados - Dados Abertos,https://dadosabertos.camara.leg.br/api/v2/proposicoes,2026-05-18T09:06:37.310287+00:00,false
2430863,https://dadosabertos.camara.leg.br/api/v2/proposicoes/2430863,PL,139,1539,2024,Institui o Fundo de Incentivo ao Desenvolvimento e Inovação da Indústria deInteligência Artificial (Fidia).,2024-05-06T09:49,https://dadosabertos.camara.leg.br/api/v2/proposicoes/2430863/autores,https://www.camara.leg.br/proposicoesWeb/prop_mostrarintegra?codteor=2416450,Carlos Henrique Gaguim,,,Carlos Henrique Gaguim,2025-09-24T16:52,Notificacao para Publicação Intermediária,CFT,monitorar,baixo,medio,fomento_pesquisa_inovacao,inteligencia artificial;inteligência artificial;inovacao tecnologica;inovação tecnológica,camara_proposicoes,Câmara dos Deputados - Dados Abertos,https://dadosabertos.camara.leg.br/api/v2/proposicoes,2026-05-18T09:06:37.310287+00:00,false
2430998,https://dadosabertos.camara.leg.br/api/v2/proposicoes/2430998,PL,139,1559,2024,"Altera a Lei nº 9.394, de 20 de dezembro de 1996 (Lei de Diretrizes e Bases da Educação Nacional), para vedar o uso de inteligência artificial como parâmetro de referência e de métrica para o desenvolvimento de material pedagógico, bem como ferramenta de avaliação de desempenho escolar, a ser utilizado pela rede pública de ensino das unidades da Federação, e dá outras providências correlatas.",2024-05-06T16:10,https://dadosabertos.camara.leg.br/api/v2/proposicoes/2430998/autores,https://www.camara.leg.br/proposicoesWeb/prop_mostrarintegra?codteor=2416673,Professora Luciene Cavalcante,,,Professora Luciene Cavalcante,2026-05-04T18:31,Designação de Relator(a),CE,em_tramitacao,medio,medio,fomento_pesquisa_inovacao,inteligencia artificial;inteligência artificial,camara_proposicoes,Câmara dos Deputados - Dados Abertos,https://dadosabertos.camara.leg.br/api/v2/proposicoes,2026-05-18T09:06:37.310287+00:00,false
2431834,https://dadosabertos.camara.leg.br/api/v2/proposicoes/2431834,PL,139,1635,2024,Dispõe sobre a proteção do consumidor contra práticas de colusão artificial implementadas por meio de algoritmos de precificação.,2024-05-07T20:17,https://dadosabertos.camara.leg.br/api/v2/proposicoes/2431834/autores,https://www.camara.leg.br/proposicoesWeb/prop_mostrarintegra?codteor=2418447,Vinicius Carvalho,,,Vinicius Carvalho,2024-06-19T18:14,Apensação,MESA,monitorar,baixo,baixo,monitoramento,inteligencia artificial;inteligência artificial;algoritmo,camara_proposicoes,Câmara dos Deputados - Dados Abertos,https://dadosabertos.camara.leg.br/api/v2/proposicoes,2026-05-18T09:06:37.310287+00:00,false
2433206,https://dadosabertos.camara.leg.br/api/v2/proposicoes/2433206,PL,139,1797,2024,"Estabelece normas gerais para o desenvolvimento, implementação e uso responsável de sistemas de Inteligência Artificial, com o objetivo de proteger os direitos humanos e a garantia de sistemas seguros e confiáveis em benefício da pessoa humana.",2024-05-14T11:54,https://dadosabertos.camara.leg.br/api/v2/proposicoes/2433206/autores,https://www.camara.leg.br/proposicoesWeb/prop_mostrarintegra?codteor=2422876,Dr. Allan Garcês,,,Dr. Allan Garcês,2026-05-04T19:15,Notificacao para Publicação Intermediária,CE,monitorar,baixo,alto,risco_regulatorio,inteligencia artificial;inteligência artificial;dados pessoais,camara_proposicoes,Câmara dos Deputados - Dados Abertos,https://dadosabertos.camara.leg.br/api/v2/proposicoes,2026-05-18T09:06:37.310287+00:00,false
2435976,https://dadosabertos.camara.leg.br/api/v2/proposicoes/2435976,PL,139,2008,2024,Dispõe sobre a prevenção e repressão às infrações contra a ordem econômica através do uso de Inteligência Artificial (IA) para efetuar práticas desleais de concorrência.,2024-05-22T20:06,https://dadosabertos.camara.leg.br/api/v2/proposicoes/2435976/autores,https://www.camara.leg.br/proposicoesWeb/prop_mostrarintegra?codteor=2427972,Vinicius Carvalho,,,Vinicius Carvalho,2024-06-20T17:23,Recebimento,CDC,monitorar,baixo,baixo,monitoramento,inteligencia artificial;inteligência artificial,camara_proposicoes,Câmara dos Deputados - Dados Abertos,https://dadosabertos.camara.leg.br/api/v2/proposicoes,2026-05-18T09:06:37.310287+00:00,false
2437291,https://dadosabertos.camara.leg.br/api/v2/proposicoes/2437291,PL,139,2138,2024,"Altera a Lei nº 13.709, de 14 de agosto de 2018, para obrigar a divulgação em veículos de comunicação social e em provedores de aplicações a ocorrência de incidentes de segurança envolvendo dados pessoais e estabelecer critérios, prazos e penalidades para a sua efetivação.",2024-05-29T18:58,https://dadosabertos.camara.leg.br/api/v2/proposicoes/2437291/autores,https://www.camara.leg.br/proposicoesWeb/prop_mostrarintegra?codteor=2431224,Ulisses Guimarães,,,Ulisses Guimarães,2025-09-22T13:43,Notificacao para Publicação Intermediária,CCJC,monitorar,baixo,alto,risco_regulatorio,dados pessoais,camara_proposicoes,Câmara dos Deputados - Dados Abertos,https://dadosabertos.camara.leg.br/api/v2/proposicoes,2026-05-18T09:06:37.310287+00:00,false
2441228,https://dadosabertos.camara.leg.br/api/v2/proposicoes/2441228,PL,139,2416,2024,"Dispõe sobre a regulamentação do uso de tecnologias de vigilância e coleta de dados pessoais no território nacional, complementando a Lei Geral de Proteção de Dados Pessoais (LGPD - Lei nº 13.709, de 14 de agosto de 2018) e estabelecendo diretrizes adicionais para a proteção da privacidade e dos direitos dos cidadãos.",2024-06-18T10:04,https://dadosabertos.camara.leg.br/api/v2/proposicoes/2441228/autores,https://www.camara.leg.br/proposicoesWeb/prop_mostrarintegra?codteor=2438413,Nely Aquino,,,Nely Aquino,2026-05-07T12:45,Designação de Relator(a),CCOM,em_tramitacao,medio,alto,risco_regulatorio,dados pessoais,camara_proposicoes,Câmara dos Deputados - Dados Abertos,https://dadosabertos.camara.leg.br/api/v2/proposicoes,2026-05-18T09:06:37.310287+00:00,false
2442452,https://dadosabertos.camara.leg.br/api/v2/proposicoes/2442452,PL,139,2506,2024,"Altera o Decreto-Lei nº 2.848, de 7 de dezembro de 1940 – Código Penal, para estabelecer causa de aumento de pena no crime de favorecimento da prostituição ou de outra forma de exploração sexual de criança ou adolescente ou de vulnerável quando praticado com o uso de inteligência artificial.",2024-06-20T11:34,https://dadosabertos.camara.leg.br/api/v2/proposicoes/2442452/autores,https://www.camara.leg.br/proposicoesWeb/prop_mostrarintegra?codteor=2440567,Rogéria Santos,,,Rogéria Santos,2026-05-07T10:50,Recebimento,CCJC,monitorar,baixo,alto,risco_regulatorio,inteligencia artificial;inteligência artificial,camara_proposicoes,Câmara dos Deputados - Dados Abertos,https://dadosabertos.camara.leg.br/api/v2/proposicoes,2026-05-18T09:06:37.310287+00:00,false
2442707,https://dadosabertos.camara.leg.br/api/v2/proposicoes/2442707,PL,139,2517,2024,"Estabelece diretrizes para a proteção da privacidade dos cidadãos em meio virtual, reforçando a Lei Geral de Proteção de Dados Pessoais (LGPD) e ampliando as competências da Autoridade Nacional de Proteção de Dados (ANPD).",2024-06-20T16:21,https://dadosabertos.camara.leg.br/api/v2/proposicoes/2442707/autores,https://www.camara.leg.br/proposicoesWeb/prop_mostrarintegra?codteor=2440997,Amom Mandel,,,Amom Mandel,2024-12-10T23:59,Saída de Relator(a) da Comissão - Sem Parecer Apresentado,CCJC,em_tramitacao,medio,alto,risco_regulatorio,dados pessoais,camara_proposicoes,Câmara dos Deputados - Dados Abertos,https://dadosabertos.camara.leg.br/api/v2/proposicoes,2026-05-18T09:06:37.310287+00:00,false
2445849,https://dadosabertos.camara.leg.br/api/v2/proposicoes/2445849,PL,139,2721,2024,"Altera o art. 11 da Lei n° 9.610, de 1998, para deixar expresso que autor é apenas a pessoa física, independentemente do grau de autonomia do sistema de inteligência artificial utilizado na elaboração da obra.",2024-07-03T18:34,https://dadosabertos.camara.leg.br/api/v2/proposicoes/2445849/autores,https://www.camara.leg.br/proposicoesWeb/prop_mostrarintegra?codteor=2446536,Jonas Donizette,,,Jonas Donizette,2026-04-16T14:59,Recebimento,CCULT,monitorar,baixo,baixo,monitoramento,inteligencia artificial;inteligência artificial,camara_proposicoes,Câmara dos Deputados - Dados Abertos,https://dadosabertos.camara.leg.br/api/v2/proposicoes,2026-05-18T09:06:37.310287+00:00,false
2447165,https://dadosabertos.camara.leg.br/api/v2/proposicoes/2447165,PL,139,2775,2024,"Altera a Lei nº 13.709, de 14 de agosto de 2018, Lei Geral de Proteção de Dados Pessoais (LGPD), para determinar critérios à permissão do uso dos dados pessoais para o treinamento e aperfeiçoamento de sistemas de inteligência artificial (IA).",2024-07-08T16:22,https://dadosabertos.camara.leg.br/api/v2/proposicoes/2447165/autores,https://www.camara.leg.br/proposicoesWeb/prop_mostrarintegra?codteor=2450495,João Daniel,,,João Daniel,2025-08-05T12:43,Apresentação de Requerimento,PLEN,monitorar,baixo,alto,risco_regulatorio,inteligencia artificial;inteligência artificial;dados pessoais,camara_proposicoes,Câmara dos Deputados - Dados Abertos,https://dadosabertos.camara.leg.br/api/v2/proposicoes,2026-05-18T09:06:37.310287+00:00,false
2448043,https://dadosabertos.camara.leg.br/api/v2/proposicoes/2448043,PL,139,2807,2024,"Dispõe sobre a proteção da imagem de crianças, proibindo a utilização de suas fotos para alimentar ferramentas de inteligência artificial sem o consentimento expresso de seus pais ou representantes legais.",2024-07-09T19:40,https://dadosabertos.camara.leg.br/api/v2/proposicoes/2448043/autores,https://www.camara.leg.br/proposicoesWeb/prop_mostrarintegra?codteor=2452315,Júnior Mano,,,Júnior Mano,2025-04-28T12:53,Publicação de Proposição,CCP,monitorar,baixo,baixo,monitoramento,inteligencia artificial;inteligência artificial,camara_proposicoes,Câmara dos Deputados - Dados Abertos,https://dadosabertos.camara.leg.br/api/v2/proposicoes,2026-05-18T09:06:37.310287+00:00,false
2449036,https://dadosabertos.camara.leg.br/api/v2/proposicoes/2449036,PL,139,2870,2024,"Institui incentivos à pesquisa e desenvolvimento de alimentos sustentáveis para animais, promovendo benefícios fiscais para empresas que investem em alternativas ecológicas e nutritivas, estabelece padrões de sustentabilidade na produção e fomenta a inovação no setor de alimentação animal.",2024-07-11T16:59,https://dadosabertos.camara.leg.br/api/v2/proposicoes/2449036/autores,https://www.camara.leg.br/proposicoesWeb/prop_mostrarintegra?codteor=2454487,Marcos Tavares,,,Marcos Tavares,2026-04-22T23:59,Saída de Relator(a) da Comissão - Sem Parecer Apresentado,CMADS,em_tramitacao,medio,medio,fomento_pesquisa_inovacao,pesquisa e desenvolvimento,camara_proposicoes,Câmara dos Deputados - Dados Abertos,https://dadosabertos.camara.leg.br/api/v2/proposicoes,2026-05-18T09:06:37.310287+00:00,false
2451411,https://dadosabertos.camara.leg.br/api/v2/proposicoes/2451411,PL,139,3088,2024,Altera a Consolidação das Leis do Trabalho (CLT) para Altera a Consolidação das Leis do Trabalho (CLT) para dispor sobre a proteção dos trabalhadores frente ao uso da Inteligência Artificial (IA).,2024-08-08T11:47,https://dadosabertos.camara.leg.br/api/v2/proposicoes/2451411/autores,https://www.camara.leg.br/proposicoesWeb/prop_mostrarintegra?codteor=2461006,Júnior Mano,,,Júnior Mano,2026-05-08T09:01,Encerramento de Prazo,CTRAB,monitorar,baixo,baixo,monitoramento,inteligencia artificial;inteligência artificial;algoritmo,camara_proposicoes,Câmara dos Deputados - Dados Abertos,https://dadosabertos.camara.leg.br/api/v2/proposicoes,2026-05-18T09:06:37.310287+00:00,false
2452397,https://dadosabertos.camara.leg.br/api/v2/proposicoes/2452397,PL,139,3140,2024,"Altera o Decreto-lei nº 2.848, de 7 de dezembro de 1940 (Código Penal) para tornar mais grave os crimes com o uso de dados pessoais, redes sociais, e-mails e contas online de pessoas falecidas.",2024-08-13T15:28,https://dadosabertos.camara.leg.br/api/v2/proposicoes/2452397/autores,https://www.camara.leg.br/proposicoesWeb/prop_mostrarintegra?codteor=2463650,Fred Linhares,,,Fred Linhares,2026-03-25T16:57,Parecer do(a) Relator(a),CCJC,em_tramitacao,medio,alto,risco_regulatorio,dados pessoais,camara_proposicoes,Câmara dos Deputados - Dados Abertos,https://dadosabertos.camara.leg.br/api/v2/proposicoes,2026-05-18T09:06:37.310287+00:00,false
2453444,https://dadosabertos.camara.leg.br/api/v2/proposicoes/2453444,PL,139,3187,2024,"Altera a Lei nº 11.484, de 31 de maio 2007, que dispõe sobre o Programa de Apoio ao Desenvolvimento Tecnológico da Indústria de Semicondutores - PADIS, e inclui incentivo a tecnologias para promoção de redução de emissões e transição energética.",2024-08-15T13:24,https://dadosabertos.camara.leg.br/api/v2/proposicoes/2453444/autores,https://www.camara.leg.br/proposicoesWeb/prop_mostrarintegra?codteor=2465312,Samuel Viana,,,Samuel Viana,2026-03-26T00:00,Publicação de Proposição,CCP,monitorar,baixo,medio,fomento_pesquisa_inovacao,semicondutores;pesquisa e desenvolvimento,camara_proposicoes,Câmara dos Deputados - Dados Abertos,https://dadosabertos.camara.leg.br/api/v2/proposicoes,2026-05-18T09:06:37.310287+00:00,false
2454171,https://dadosabertos.camara.leg.br/api/v2/proposicoes/2454171,PL,139,3236,2024,"Dispõe sobre a proteção dos direitos de propriedade intelectual dos atletas, regulamentando o registro e a exploração de movimentos esportivos, marcas pessoais, o uso da imagem dos atletas para fins comerciais e o uso de Inteligência Artificial no contexto esportivo, e dá outras providências.",2024-08-20T14:35,https://dadosabertos.camara.leg.br/api/v2/proposicoes/2454171/autores,https://www.camara.leg.br/proposicoesWeb/prop_mostrarintegra?codteor=2467213,Júnior Mano,,,Júnior Mano,2026-04-29T21:08,Designação de Relator(a),CICS,em_tramitacao,medio,alto,risco_regulatorio,inteligencia artificial;inteligência artificial,camara_proposicoes,Câmara dos Deputados - Dados Abertos,https://dadosabertos.camara.leg.br/api/v2/proposicoes,2026-05-18T09:06:37.310287+00:00,false
2456204,https://dadosabertos.camara.leg.br/api/v2/proposicoes/2456204,PL,139,3392,2024,"Estabelece diretrizes para o uso ético de tecnologias de inteligência artificial na replicação de vozes de artistas e dubladores em anúncios digitais e outras produções audiovisuais, garantindo o consentimento explícito e a justa remuneração dos envolvidos, reforça a proteção jurídica da voz como direito garantido à imagem, e estabelece mecanismos de fiscalização e reparação.",2024-08-30T10:48,https://dadosabertos.camara.leg.br/api/v2/proposicoes/2456204/autores,https://www.camara.leg.br/proposicoesWeb/prop_mostrarintegra?codteor=2471841,Júnior Mano,,,Júnior Mano,2026-03-18T10:00,Retirada de Pauta,CCTI,encerrada,alto,alto,risco_regulatorio,inteligencia artificial;inteligência artificial,camara_proposicoes,Câmara dos Deputados - Dados Abertos,https://dadosabertos.camara.leg.br/api/v2/proposicoes,2026-05-18T09:06:37.310287+00:00,false
2456432,https://dadosabertos.camara.leg.br/api/v2/proposicoes/2456432,PL,139,3428,2024,"Altera a Lei nº 13.709, de 14 de agosto de 2018 (Lei Geral de Proteção de Dados Pessoais), estabelecendo restrições ao tratamento de dados pessoais de crianças e adolescentes.",2024-09-03T16:12,https://dadosabertos.camara.leg.br/api/v2/proposicoes/2456432/autores,https://www.camara.leg.br/proposicoesWeb/prop_mostrarintegra?codteor=2472452,Delegado Fabio Costa,,,Delegado Fabio Costa,2025-10-28T13:48,Encerramento de Prazo,CPASF,monitorar,baixo,alto,risco_regulatorio,inteligencia artificial;inteligência artificial;dados pessoais,camara_proposicoes,Câmara dos Deputados - Dados Abertos,https://dadosabertos.camara.leg.br/api/v2/proposicoes,2026-05-18T09:06:37.310287+00:00,false
2456642,https://dadosabertos.camara.leg.br/api/v2/proposicoes/2456642,PL,139,3457,2024,"Acrescenta artigo à Lei nº 13.709, de 14 de agosto de 2018 (Lei Geral de Proteção de Dados Pessoais - LGPD), para dispor sobre a proteção de contas de redes sociais invadidas e os direitos dos consumidores afetados.",2024-09-05T10:32,https://dadosabertos.camara.leg.br/api/v2/proposicoes/2456642/autores,https://www.camara.leg.br/proposicoesWeb/prop_mostrarintegra?codteor=2472879,Antônia Lúcia,,,Antônia Lúcia,2025-09-22T13:43,Notificacao para Publicação Intermediária,CCJC,monitorar,baixo,alto,risco_regulatorio,dados pessoais,camara_proposicoes,Câmara dos Deputados - Dados Abertos,https://dadosabertos.camara.leg.br/api/v2/proposicoes,2026-05-18T09:06:37.310287+00:00,false
2456819,https://dadosabertos.camara.leg.br/api/v2/proposicoes/2456819,PL,139,3471,2024,"Dispõe sobre a regulamentação do uso de redes privadas virtuais (VPNs) no Brasil, garantindo a proteção da privacidade, segurança dos dados pessoais e liberdade de expressão dos usuários, em conformidade com a
Constituição Federal, o Marco Civil da Internet e a Lei Geral de Proteção de Dados (LGPD); estabelece princípios, direitos e obrigações dos usuários e fornecedores de VPN, define critérios para fiscalização e sanções, e
assegura o devido processo legal em quaisquer restrições ao uso de VPNs.",2024-09-06T09:47,https://dadosabertos.camara.leg.br/api/v2/proposicoes/2456819/autores,https://www.camara.leg.br/proposicoesWeb/prop_mostrarintegra?codteor=2473204,Dr. Zacharias Calil,,,Dr. Zacharias Calil,2026-03-23T12:03,Notificacao para Publicação Intermediária,CCULT,monitorar,baixo,alto,risco_regulatorio,dados pessoais,camara_proposicoes,Câmara dos Deputados - Dados Abertos,https://dadosabertos.camara.leg.br/api/v2/proposicoes,2026-05-18T09:06:37.310287+00:00,false
2457308,https://dadosabertos.camara.leg.br/api/v2/proposicoes/2457308,PL,139,3488,2024,"Altera a Lei nº 12.965, de 23 de abril de 2014 e o Decreto-Lei nº 2.848, de 7 de dezembro de 1940 (Código Penal), no intuito de coibir a criação e divulgação de falso vídeo ou imagem sexualmente explícita e não consensual, produzido por meio de inteligência artificial.",2024-09-09T20:27,https://dadosabertos.camara.leg.br/api/v2/proposicoes/2457308/autores,https://www.camara.leg.br/proposicoesWeb/prop_mostrarintegra?codteor=2474480,Alexandre Guimarães,,,Alexandre Guimarães,2025-05-15T10:01,Publicação de Proposição,CCP,monitorar,baixo,alto,risco_regulatorio,inteligencia artificial;inteligência artificial,camara_proposicoes,Câmara dos Deputados - Dados Abertos,https://dadosabertos.camara.leg.br/api/v2/proposicoes,2026-05-18T09:06:37.310287+00:00,false
2458566,https://dadosabertos.camara.leg.br/api/v2/proposicoes/2458566,PL,139,3604,2024,"Altera a Lei nº 12.114, de 9 de dezembro de 2009, que Cria o Fundo Nacional sobre Mudança do Clima, para permitir o investimento de recursos no desenvolvimento de tecnologia da informação (TI) e da inteligência artificial (IA) na prevenção e contenção de incêndio em ambientes naturais, e dá outras providências.",2024-09-17T17:59,https://dadosabertos.camara.leg.br/api/v2/proposicoes/2458566/autores,https://www.camara.leg.br/proposicoesWeb/prop_mostrarintegra?codteor=2477699,Fred Linhares,,,Fred Linhares,2026-04-01T23:59,Saída de Relator(a) da Comissão - Sem Parecer Apresentado,CMADS,em_tramitacao,medio,medio,fomento_pesquisa_inovacao,inteligencia artificial;inteligência artificial,camara_proposicoes,Câmara dos Deputados - Dados Abertos,https://dadosabertos.camara.leg.br/api/v2/proposicoes,2026-05-18T09:06:37.310287+00:00,false
2458893,https://dadosabertos.camara.leg.br/api/v2/proposicoes/2458893,PL,139,3656,2024,"Altera a Lei nº 9.610, de 19 de fevereiro de 1998, para estabelecer regras sobre direitos autorais de obras geradas por sistemas de inteligência artificial de forma integral ou majoritariamente autônoma.",2024-09-23T10:55,https://dadosabertos.camara.leg.br/api/v2/proposicoes/2458893/autores,https://www.camara.leg.br/proposicoesWeb/prop_mostrarintegra?codteor=2478669,Leonardo Gadelha,,,Leonardo Gadelha,2026-04-07T00:00,Notificações,CCTI,monitorar,baixo,alto,risco_regulatorio,inteligencia artificial;inteligência artificial,camara_proposicoes,Câmara dos Deputados - Dados Abertos,https://dadosabertos.camara.leg.br/api/v2/proposicoes,2026-05-18T09:06:37.310287+00:00,false
2461213,https://dadosabertos.camara.leg.br/api/v2/proposicoes/2461213,PL,139,3821,2024,"Altera o Decreto-Lei nº 2.848, de 7 de dezembro de 1940 (Código Penal), e a Lei nº 9.504, de 30 de setembro de 1997 (Lei das Eleições), para tipificar o crime de manipulação digital de imagens por inteligência artificial, e agravar a pena em casos de crimes contra mulheres e candidaturas em período eleitoral, e dá outras providências.",2024-10-07T21:02,https://dadosabertos.camara.leg.br/api/v2/proposicoes/2461213/autores,https://www.camara.leg.br/proposicoesWeb/prop_mostrarintegra?codteor=2482757,Amanda Gentil,,,Amanda Gentil,2025-02-26T00:00,Expedição de Documento,MESA,monitorar,baixo,alto,risco_regulatorio,inteligencia artificial;inteligência artificial,camara_proposicoes,Câmara dos Deputados - Dados Abertos,https://dadosabertos.camara.leg.br/api/v2/proposicoes,2026-05-18T09:06:37.310287+00:00,false
2462314,https://dadosabertos.camara.leg.br/api/v2/proposicoes/2462314,PL,139,3936,2024,"Altera a Lei nº 9.279, de 14 de maio de 1996, para dispor sobre a obtenção de patentes de invenções ou modelos de utilidade desenvolvidos com o auxílio de sistemas de inteligência artificial.",2024-10-14T16:43,https://dadosabertos.camara.leg.br/api/v2/proposicoes/2462314/autores,https://www.camara.leg.br/proposicoesWeb/prop_mostrarintegra?codteor=2484809,Leonardo Gadelha,,,Leonardo Gadelha,2025-06-11T00:00,Notificações,CCTI,monitorar,baixo,baixo,monitoramento,inteligencia artificial;inteligência artificial,camara_proposicoes,Câmara dos Deputados - Dados Abertos,https://dadosabertos.camara.leg.br/api/v2/proposicoes,2026-05-18T09:06:37.310287+00:00,false
2464691,https://dadosabertos.camara.leg.br/api/v2/proposicoes/2464691,PL,139,4089,2024,"Dispõe sobre a proteção dos direitos dos consumidores no uso de produtos e serviços que utilizam Inteligência Artificial (IA), estabelecendo diretrizes para garantir transparência, equidade e o respeito à privacidade dos usuários.",2024-10-25T15:40,https://dadosabertos.camara.leg.br/api/v2/proposicoes/2464691/autores,https://www.camara.leg.br/proposicoesWeb/prop_mostrarintegra?codteor=2490822,Marcos Tavares,,,Marcos Tavares,2026-04-29T10:00,Retirada de Pauta,CCTI,encerrada,alto,alto,risco_regulatorio,inteligencia artificial;inteligência artificial,camara_proposicoes,Câmara dos Deputados - Dados Abertos,https://dadosabertos.camara.leg.br/api/v2/proposicoes,2026-05-18T09:06:37.310287+00:00,false
2467209,https://dadosabertos.camara.leg.br/api/v2/proposicoes/2467209,PL,139,4272,2024,"Altera o Estatuto da Criança e do Adolescente e a Lei de Crimes Hediondos para tipificar e tornar hedionda a produção, disseminação e posse de conteúdos gerados por inteligência artificial ou deepfakes que simulem pornografia infantil.",2024-11-05T15:59,https://dadosabertos.camara.leg.br/api/v2/proposicoes/2467209/autores,https://www.camara.leg.br/proposicoesWeb/prop_mostrarintegra?codteor=2816628,Rubens Pereira Júnior,,,Rubens Pereira Júnior,2025-03-19T17:58,Recebimento,CPASF,monitorar,baixo,baixo,monitoramento,inteligencia artificial;inteligência artificial,camara_proposicoes,Câmara dos Deputados - Dados Abertos,https://dadosabertos.camara.leg.br/api/v2/proposicoes,2026-05-18T09:06:37.310287+00:00,false
2469586,https://dadosabertos.camara.leg.br/api/v2/proposicoes/2469586,PL,139,4400,2024,"Altera a Lei n° 9.610, de 1998, Lei de Direito Autoral, de modo a regular os direitos conexos relativos a conteúdo multimídia, gerado por algoritmo, altamente realista, da voz ou imagem de intérprete ou executante identificável e que simule sua participação em obra audiovisual ou fonograma.",2024-11-14T17:30,https://dadosabertos.camara.leg.br/api/v2/proposicoes/2469586/autores,https://www.camara.leg.br/proposicoesWeb/prop_mostrarintegra?codteor=2821713,Julio Lopes,,,Julio Lopes,2026-04-01T15:41,Devolução à CCP,CCTI,monitorar,baixo,alto,risco_regulatorio,inteligencia artificial;inteligência artificial;algoritmo,camara_proposicoes,Câmara dos Deputados - Dados Abertos,https://dadosabertos.camara.leg.br/api/v2/proposicoes,2026-05-18T09:06:37.310287+00:00,false
2473135,https://dadosabertos.camara.leg.br/api/v2/proposicoes/2473135,PL,139,4589,2024,"Institui o Sistema de Assistência Automática por Inteligência Artificial (AAIA) para integração aos cadastros sociais, com o objetivo de otimizar a análise de dados e oferecer suporte imediato a famílias em situação de vulnerabilidade.",2024-11-28T14:17,https://dadosabertos.camara.leg.br/api/v2/proposicoes/2473135/autores,https://www.camara.leg.br/proposicoesWeb/prop_mostrarintegra?codteor=2828907,Coronel Chrisóstomo,,,Coronel Chrisóstomo,2026-03-17T16:44,Designação de Relator(a),CCTI,em_tramitacao,medio,baixo,monitoramento,inteligencia artificial;inteligência artificial,camara_proposicoes,Câmara dos Deputados - Dados Abertos,https://dadosabertos.camara.leg.br/api/v2/proposicoes,2026-05-18T09:06:37.310287+00:00,false
2476336,https://dadosabertos.camara.leg.br/api/v2/proposicoes/2476336,PL,139,4705,2024,"Altera a Lei n° 10.973, de 2 de dezembro de 2004, e a Lei n° 11.540, de 12 de novembro de 2007, para possibilitar a designação de servidores, militares e empregados públicos de Instituição Científica, Tecnológica e de Inovação (ICT) pública no respectivo Núcleo de Inovação Tecnológica (NIT), e o pagamento de bolsas de estímulo à inovação.",2024-12-05T10:22,https://dadosabertos.camara.leg.br/api/v2/proposicoes/2476336/autores,https://www.camara.leg.br/proposicoesWeb/prop_mostrarintegra?codteor=2834787,Duda Ramos,,,Duda Ramos,2025-10-30T15:37,Encerramento de Prazo,CCTI,monitorar,baixo,medio,fomento_pesquisa_inovacao,inovacao tecnologica;inovação tecnológica,camara_proposicoes,Câmara dos Deputados - Dados Abertos,https://dadosabertos.camara.leg.br/api/v2/proposicoes,2026-05-18T09:06:37.310287+00:00,false
2477011,https://dadosabertos.camara.leg.br/api/v2/proposicoes/2477011,PL,139,4758,2024,"Dispõe sobre a inclusão da disciplina de Inteligência Artificial – IA, no currículo da educação básica e do ensino médio, e dá outras providências.",2024-12-09T14:30,https://dadosabertos.camara.leg.br/api/v2/proposicoes/2477011/autores,https://www.camara.leg.br/proposicoesWeb/prop_mostrarintegra?codteor=2836355,Yury do Paredão,,,Yury do Paredão,2025-03-14T00:00,Publicação de Proposição,CCP,monitorar,baixo,baixo,monitoramento,inteligencia artificial;inteligência artificial,camara_proposicoes,Câmara dos Deputados - Dados Abertos,https://dadosabertos.camara.leg.br/api/v2/proposicoes,2026-05-18T09:06:37.310287+00:00,false
2479396,https://dadosabertos.camara.leg.br/api/v2/proposicoes/2479396,PL,139,4849,2024,"Estabelece fundamentos, princípios e diretrizes e a aplicação da Inteligência Artificial no Brasil.",2024-12-11T22:12,https://dadosabertos.camara.leg.br/api/v2/proposicoes/2479396/autores,https://www.camara.leg.br/proposicoesWeb/prop_mostrarintegra?codteor=2840632,Eduardo Bismarck,,,Eduardo Bismarck,2026-05-04T19:15,Notificacao para Publicação Intermediária,CE,monitorar,baixo,baixo,monitoramento,inteligencia artificial;inteligência artificial,camara_proposicoes,Câmara dos Deputados - Dados Abertos,https://dadosabertos.camara.leg.br/api/v2/proposicoes,2026-05-18T09:06:37.310287+00:00,false
2480949,https://dadosabertos.camara.leg.br/api/v2/proposicoes/2480949,PL,139,4950,2024,"Altera a Lei nº 14.026, de 15 de julho de 2020, para criar um programa de incentivos à inovação tecnológica no setor de saneamento básico.",2024-12-18T11:51,https://dadosabertos.camara.leg.br/api/v2/proposicoes/2480949/autores,https://www.camara.leg.br/proposicoesWeb/prop_mostrarintegra?codteor=2844594,Amom Mandel,,,Amom Mandel,2026-05-04T19:22,Encerramento de Prazo,CFT,monitorar,baixo,medio,fomento_pesquisa_inovacao,inovacao tecnologica;inovação tecnológica,camara_proposicoes,Câmara dos Deputados - Dados Abertos,https://dadosabertos.camara.leg.br/api/v2/proposicoes,2026-05-18T09:06:37.310287+00:00,false
2481073,https://dadosabertos.camara.leg.br/api/v2/proposicoes/2481073,PL,139,4976,2024,"Dispõe sobre a responsabilização das plataformas digitais pelo uso indevido de dados pessoais para práticas abusivas de consumo, estabelece o direito de remuneração pelo uso econômico dos dados pessoais, garante a reparação de danos individuais e coletivos causados aos consumidores, adota medidas para proteção e transparência no uso de dados pessoais e da outras providências.",2024-12-18T18:00,https://dadosabertos.camara.leg.br/api/v2/proposicoes/2481073/autores,https://www.camara.leg.br/proposicoesWeb/prop_mostrarintegra?codteor=2844820,Pedro Uczai,,,Pedro Uczai,2026-04-15T10:18,Designação de Relator(a),CCOM,em_tramitacao,medio,alto,risco_regulatorio,dados pessoais,camara_proposicoes,Câmara dos Deputados - Dados Abertos,https://dadosabertos.camara.leg.br/api/v2/proposicoes,2026-05-18T09:06:37.310287+00:00,false
2481406,https://dadosabertos.camara.leg.br/api/v2/proposicoes/2481406,PLP,140,236,2024,"Acrescenta o art. 9-A à Lei Complementar nº 182, de 1º de junho de 2021, para conceder isenção do Imposto de Renda da Pessoa Jurídica (IRPJ) e da Contribuição Social sobre o Lucro Líquido (CSLL) às startups que reinvestirem seus lucros em atividades de pesquisa, desenvolvimento e inovação tecnológica.",2024-12-19T14:08,https://dadosabertos.camara.leg.br/api/v2/proposicoes/2481406/autores,https://www.camara.leg.br/proposicoesWeb/prop_mostrarintegra?codteor=2845656,Aureo Ribeiro,,,Aureo Ribeiro,2026-05-14T14:48,Recebimento - Relator(a),CICS,em_tramitacao,medio,medio,fomento_pesquisa_inovacao,pesquisa e desenvolvimento;inovacao tecnologica;inovação tecnológica,camara_proposicoes,Câmara dos Deputados - Dados Abertos,https://dadosabertos.camara.leg.br/api/v2/proposicoes,2026-05-18T09:06:37.310287+00:00,false
2482660,https://dadosabertos.camara.leg.br/api/v2/proposicoes/2482660,PL,139,201,2025,"Altera a Lei no 13.709, de 14 de agosto de 2018, Lei Geral de Proteção de Dados Pessoais (LGPD), para permitir a eliminação dos dados de adolescentes quando estes completarem dezoito anos de idade.",2025-02-04T10:58,https://dadosabertos.camara.leg.br/api/v2/proposicoes/2482660/autores,https://www.camara.leg.br/proposicoesWeb/prop_mostrarintegra?codteor=2850526,Luisa Canziani,,,Luisa Canziani,2026-05-14T10:54,Encerramento de Prazo,CPASF,monitorar,baixo,alto,risco_regulatorio,dados pessoais,camara_proposicoes,Câmara dos Deputados - Dados Abertos,https://dadosabertos.camara.leg.br/api/v2/proposicoes,2026-05-18T09:06:37.310287+00:00,false
2483128,https://dadosabertos.camara.leg.br/api/v2/proposicoes/2483128,PL,139,308,2025,"Altera a Lei nº 13.709, de 14 de agosto de 2018, Lei Geral de Proteção de Dados Pessoais (LGPD).",2025-02-06T11:15,https://dadosabertos.camara.leg.br/api/v2/proposicoes/2483128/autores,https://www.camara.leg.br/proposicoesWeb/prop_mostrarintegra?codteor=2852118,Aureo Ribeiro,,,Aureo Ribeiro,2025-04-03T09:59,Notificacao para Publicação Intermediária,CCJC,monitorar,baixo,alto,risco_regulatorio,dados pessoais,camara_proposicoes,Câmara dos Deputados - Dados Abertos,https://dadosabertos.camara.leg.br/api/v2/proposicoes,2026-05-18T09:06:37.310287+00:00,false
2483457,https://dadosabertos.camara.leg.br/api/v2/proposicoes/2483457,PL,139,359,2025,"Altera a Lei nº 7.797, de 10 de julho de 1989, e a Lei nº 9.605 de 12 de fevereiro de 1998, para dispor sobre a utilização de recursos do Fundo Nacional do Meio Ambiente para projetos ligados à pesquisa e desenvolvimento (P&D) na produção sustentável de alimentos humanos e rações animais.",2025-02-10T18:20,https://dadosabertos.camara.leg.br/api/v2/proposicoes/2483457/autores,https://www.camara.leg.br/proposicoesWeb/prop_mostrarintegra?codteor=2853255,Márcio Honaiser,,,Márcio Honaiser,2026-04-30T16:49,Recebimento - Relator(a),CMADS,em_tramitacao,medio,medio,fomento_pesquisa_inovacao,pesquisa e desenvolvimento,camara_proposicoes,Câmara dos Deputados - Dados Abertos,https://dadosabertos.camara.leg.br/api/v2/proposicoes,2026-05-18T09:06:37.310287+00:00,false
2484379,https://dadosabertos.camara.leg.br/api/v2/proposicoes/2484379,PL,139,526,2025,DISPÕE SOBRE A REGULAÇÃO DO USO DA INTELIGÊNCIA ARTIFICIAL NO BRASIL E DÁ OUTRAS PROVIDÊNCIAS.,2025-02-18T17:53,https://dadosabertos.camara.leg.br/api/v2/proposicoes/2484379/autores,https://www.camara.leg.br/proposicoesWeb/prop_mostrarintegra?codteor=2857071,Marx Beltrão,,,Marx Beltrão,2025-03-25T09:44,Recebimento,CCTI,monitorar,baixo,baixo,monitoramento,inteligencia artificial;inteligência artificial,camara_proposicoes,Câmara dos Deputados - Dados Abertos,https://dadosabertos.camara.leg.br/api/v2/proposicoes,2026-05-18T09:06:37.310287+00:00,false
2484466,https://dadosabertos.camara.leg.br/api/v2/proposicoes/2484466,PL,139,545,2025,"Altera a Lei nº 13.709, de 14 de agosto de 2018 (Lei Geral de Proteção de Dados Pessoais - LGPD), para incluir a possibilidade de tratamento de dados sensíveis mediante pagamento pecuniário ao titular e para regular o padrão de digitalização.",2025-02-19T11:26,https://dadosabertos.camara.leg.br/api/v2/proposicoes/2484466/autores,https://www.camara.leg.br/proposicoesWeb/prop_mostrarintegra?codteor=2857305,Dr. Zacharias Calil,,,Dr. Zacharias Calil,2025-04-03T16:56,Recebimento,CCJC,monitorar,baixo,alto,risco_regulatorio,dados pessoais,camara_proposicoes,Câmara dos Deputados - Dados Abertos,https://dadosabertos.camara.leg.br/api/v2/proposicoes,2026-05-18T09:06:37.310287+00:00,false
2486252,https://dadosabertos.camara.leg.br/api/v2/proposicoes/2486252,PL,139,837,2025,"Dispõe sobre a obrigatoriedade de instalação de câmeras inteligentes dotadas de algoritmos de identificação de volume de madeira em serrarias, indústrias de corte de madeira e demais estabelecimentos que trabalhem com madeira em tora, bem como sobre o monitoramento em tempo real pelo órgão público de meio ambiente, e dá outras providências.",2025-03-11T10:44,https://dadosabertos.camara.leg.br/api/v2/proposicoes/2486252/autores,https://www.camara.leg.br/proposicoesWeb/prop_mostrarintegra?codteor=2864561,Ricardo Ayres,,,Ricardo Ayres,2025-10-16T00:00,Encerramento de Prazo,CMADS,monitorar,baixo,baixo,monitoramento,algoritmo,camara_proposicoes,Câmara dos Deputados - Dados Abertos,https://dadosabertos.camara.leg.br/api/v2/proposicoes,2026-05-18T09:06:37.310287+00:00,false
2486481,https://dadosabertos.camara.leg.br/api/v2/proposicoes/2486481,PL,139,897,2025,Institui a Lei de Incentivo à Pesquisa em Inteligência Artificial com Recursos das Apostas e Jogos Lotéricos,2025-03-11T22:18,https://dadosabertos.camara.leg.br/api/v2/proposicoes/2486481/autores,https://www.camara.leg.br/proposicoesWeb/prop_mostrarintegra?codteor=2865102,Helio Lopes,,,Helio Lopes,2026-05-14T10:54,Encerramento de Prazo,CCTI,monitorar,baixo,medio,fomento_pesquisa_inovacao,inteligencia artificial;inteligência artificial,camara_proposicoes,Câmara dos Deputados - Dados Abertos,https://dadosabertos.camara.leg.br/api/v2/proposicoes,2026-05-18T09:06:37.310287+00:00,false
2486482,https://dadosabertos.camara.leg.br/api/v2/proposicoes/2486482,PL,139,898,2025,Institui a Lei de Incentivo à Pesquisa e Desenvolvimento da Inteligência Artificial no Brasil e dá outras providências.,2025-03-11T22:20,https://dadosabertos.camara.leg.br/api/v2/proposicoes/2486482/autores,https://www.camara.leg.br/proposicoesWeb/prop_mostrarintegra?codteor=2865103,Helio Lopes,,,Helio Lopes,2026-05-06T11:01,Designação de Relator(a),CCTI,em_tramitacao,medio,medio,fomento_pesquisa_inovacao,inteligencia artificial;inteligência artificial;pesquisa e desenvolvimento;inovacao tecnologica;inovação tecnológica,camara_proposicoes,Câmara dos Deputados - Dados Abertos,https://dadosabertos.camara.leg.br/api/v2/proposicoes,2026-05-18T09:06:37.310287+00:00,false
2486483,https://dadosabertos.camara.leg.br/api/v2/proposicoes/2486483,PL,139,899,2025,Institui a Lei de Inclusão Digital e Desenvolvimento de Habilidades Educacionais com Inteligência Artificial no Brasil e dá outras providências.,2025-03-11T22:22,https://dadosabertos.camara.leg.br/api/v2/proposicoes/2486483/autores,https://www.camara.leg.br/proposicoesWeb/prop_mostrarintegra?codteor=2865105,Helio Lopes,,,Helio Lopes,2025-06-12T00:00,Encerramento de Prazo,CE,monitorar,baixo,medio,fomento_pesquisa_inovacao,inteligencia artificial;inteligência artificial,camara_proposicoes,Câmara dos Deputados - Dados Abertos,https://dadosabertos.camara.leg.br/api/v2/proposicoes,2026-05-18T09:06:37.310287+00:00,false
2487262,https://dadosabertos.camara.leg.br/api/v2/proposicoes/2487262,PL,139,2338,2023,"Dispõe sobre o desenvolvimento, o fomento e o uso ético e responsável da inteligência artificial com base na centralidade da pessoa humana.",2025-03-17T17:21,https://dadosabertos.camara.leg.br/api/v2/proposicoes/2487262/autores,https://www.camara.leg.br/proposicoesWeb/prop_mostrarintegra?codteor=2868197,Senado Federal - Rodrigo Pacheco,,,Senado Federal - Rodrigo Pacheco,2026-05-14T14:24,Notificação de Apensação,MESA,monitorar,baixo,medio,fomento_pesquisa_inovacao,inteligencia artificial;inteligência artificial,camara_proposicoes,Câmara dos Deputados - Dados Abertos,https://dadosabertos.camara.leg.br/api/v2/proposicoes,2026-05-18T09:06:37.310287+00:00,false
2490199,https://dadosabertos.camara.leg.br/api/v2/proposicoes/2490199,PL,139,1243,2025,"Altera as Leis n° 9.279, de 1996, e 9.610, de 1998, de modo a permitir o registro de pseudônimo ou apelido notoriamente conhecidos de menores de dezoito anos, representados ou assistidos pelos pais ou representante legal bem como a fim de regular direitos conexos relativos a conteúdo multimídia gerado por inteligência artificial",2025-03-26T14:44,https://dadosabertos.camara.leg.br/api/v2/proposicoes/2490199/autores,https://www.camara.leg.br/proposicoesWeb/prop_mostrarintegra?codteor=2873525,Jonas Donizette,,,Jonas Donizette,2025-09-02T23:59,Saída de Relator(a) da Comissão - Sem Parecer Apresentado,CPASF,em_tramitacao,medio,alto,risco_regulatorio,inteligencia artificial;inteligência artificial,camara_proposicoes,Câmara dos Deputados - Dados Abertos,https://dadosabertos.camara.leg.br/api/v2/proposicoes,2026-05-18T09:06:37.310287+00:00,false
2490659,https://dadosabertos.camara.leg.br/api/v2/proposicoes/2490659,PL,139,1290,2025,"Altera a Lei nº 9.784, de 29 de janeiro de 1999, para regulamentar o uso da inteligência artificial nos processos administrativos, no âmbito da Administração Pública Federal.",2025-03-27T15:28,https://dadosabertos.camara.leg.br/api/v2/proposicoes/2490659/autores,https://www.camara.leg.br/proposicoesWeb/prop_mostrarintegra?codteor=2874393,Hildo Rocha,,,Hildo Rocha,2025-08-05T12:43,Apresentação de Requerimento,PLEN,monitorar,baixo,baixo,monitoramento,inteligencia artificial;inteligência artificial,camara_proposicoes,Câmara dos Deputados - Dados Abertos,https://dadosabertos.camara.leg.br/api/v2/proposicoes,2026-05-18T09:06:37.310287+00:00,false
2490661,https://dadosabertos.camara.leg.br/api/v2/proposicoes/2490661,PL,139,1291,2025,"Dispõe sobre a modernização do Sistema Único de Saúde (SUS) por meio da implementação da Fila Única Nacional, do Aplicativo Nacional da Fila do SUS, do estabelecimento de metas de tempo máximo de espera, da remuneração por desempenho, do atendimento prioritário baseado em inteligência artificial e da obrigatoriedade de transparência nos dados da fila, bem como estabelece sanções para inserção de informações fraudulentas, alterando a Lei nº 8.080, de 19 de setembro de 1990.",2025-03-27T15:37,https://dadosabertos.camara.leg.br/api/v2/proposicoes/2490661/autores,https://www.camara.leg.br/proposicoesWeb/prop_mostrarintegra?codteor=2874396,Bia Kicis,,,Bia Kicis,2026-04-13T16:49,Designação de Relator(a),CSAUDE,em_tramitacao,medio,baixo,monitoramento,inteligencia artificial;inteligência artificial,camara_proposicoes,Câmara dos Deputados - Dados Abertos,https://dadosabertos.camara.leg.br/api/v2/proposicoes,2026-05-18T09:06:37.310287+00:00,false
2490966,https://dadosabertos.camara.leg.br/api/v2/proposicoes/2490966,PL,139,1310,2025,"Altera a Lei nº 13.756, de 12 de dezembro de 2018, que dispõe sobre o Fundo Nacional de Segurança Pública (FNSP) e outras matérias, a fim de condicionar o recebimento de seus recursos à implementação de tecnologias de inteligência artificial nas ouvidorias e corregedorias dos órgãos de segurança pública, nos termos que especifica.",2025-03-28T15:10,https://dadosabertos.camara.leg.br/api/v2/proposicoes/2490966/autores,https://www.camara.leg.br/proposicoesWeb/prop_mostrarintegra?codteor=2875075,Bruno Ganem,,,Bruno Ganem,2026-03-17T16:43,Designação de Relator(a),CCTI,em_tramitacao,medio,baixo,monitoramento,inteligencia artificial;inteligência artificial,camara_proposicoes,Câmara dos Deputados - Dados Abertos,https://dadosabertos.camara.leg.br/api/v2/proposicoes,2026-05-18T09:06:37.310287+00:00,false
2491093,https://dadosabertos.camara.leg.br/api/v2/proposicoes/2491093,PL,139,1325,2025,Dispõe sobre a inserção do estudo de Inteligência Artificial na grade curricular do ensino fundamental e dá outras providências.,2025-03-31T13:56,https://dadosabertos.camara.leg.br/api/v2/proposicoes/2491093/autores,https://www.camara.leg.br/proposicoesWeb/prop_mostrarintegra?codteor=2875405,Silvia Waiãpi,,,Silvia Waiãpi,2025-06-26T13:03,Encerramento de Prazo,CE,monitorar,baixo,baixo,monitoramento,inteligencia artificial;inteligência artificial,camara_proposicoes,Câmara dos Deputados - Dados Abertos,https://dadosabertos.camara.leg.br/api/v2/proposicoes,2026-05-18T09:06:37.310287+00:00,false
2496418,https://dadosabertos.camara.leg.br/api/v2/proposicoes/2496418,PL,139,1614,2025,"Altera a Lei nº 14.533, de 11 de janeiro de 2023, para dispor sobre a inclusão de aspectos relacionados à inteligência artificial, à segurança na rede e à proteção de dados pessoais na formação continuada dos profissionais da educação.",2025-04-09T18:01,https://dadosabertos.camara.leg.br/api/v2/proposicoes/2496418/autores,https://www.camara.leg.br/proposicoesWeb/prop_mostrarintegra?codteor=2883999,Zé Neto,,,Zé Neto,2026-03-10T21:25,Encerramento de Prazo,CCJC,monitorar,baixo,alto,risco_regulatorio,inteligencia artificial;inteligência artificial;dados pessoais,camara_proposicoes,Câmara dos Deputados - Dados Abertos,https://dadosabertos.camara.leg.br/api/v2/proposicoes,2026-05-18T09:06:37.310287+00:00,false
2496902,https://dadosabertos.camara.leg.br/api/v2/proposicoes/2496902,PL,139,1634,2025,"Altera a Lei nº 9.656, de 3 de junho de 1998, para dispor sobre o tratamento de dados pessoais para agendamento de consultas e exames.",2025-04-10T09:55,https://dadosabertos.camara.leg.br/api/v2/proposicoes/2496902/autores,https://www.camara.leg.br/proposicoesWeb/prop_mostrarintegra?codteor=2884801,Pastor Gil,,,Pastor Gil,2025-05-29T16:41,Recebimento,CSAUDE,monitorar,baixo,alto,risco_regulatorio,dados pessoais,camara_proposicoes,Câmara dos Deputados - Dados Abertos,https://dadosabertos.camara.leg.br/api/v2/proposicoes,2026-05-18T09:06:37.310287+00:00,false
2497660,https://dadosabertos.camara.leg.br/api/v2/proposicoes/2497660,PL,139,1685,2025,"Dispõe sobre a inclusão na Lei nº 9.610, de 19 de fevereiro de 1998, da regulação da titularidade, autoria, registro, proteção e responsabilidade civil relativas às obras intelectuais geradas por sistemas de Inteligência Artificial (IA).",2025-04-14T17:42,https://dadosabertos.camara.leg.br/api/v2/proposicoes/2497660/autores,https://www.camara.leg.br/proposicoesWeb/prop_mostrarintegra?codteor=2886523,Carla Zambelli,,,Carla Zambelli,2026-03-19T11:59,Notificação de Apensação,MESA,monitorar,baixo,alto,risco_regulatorio,inteligencia artificial;inteligência artificial,camara_proposicoes,Câmara dos Deputados - Dados Abertos,https://dadosabertos.camara.leg.br/api/v2/proposicoes,2026-05-18T09:06:37.310287+00:00,false
2498609,https://dadosabertos.camara.leg.br/api/v2/proposicoes/2498609,PL,139,1768,2025,"Caracteriza como hediondos os crimes de furto mediante fraude cometido por dispositivo eletrônico ou informático e de fraude eletrônica, quando praticados em associação criminosa ou contra pessoa idosa, e tipifica como crime o empréstimo de dados pessoais ou de conta em instituição financeira para a movimentação ilícita de bens ou direitos.",2025-04-22T13:59,https://dadosabertos.camara.leg.br/api/v2/proposicoes/2498609/autores,https://www.camara.leg.br/proposicoesWeb/prop_mostrarintegra?codteor=2888921,Coronel Assis,,,Coronel Assis,2025-10-28T00:00,Desapensação,MESA,monitorar,baixo,alto,risco_regulatorio,dados pessoais,camara_proposicoes,Câmara dos Deputados - Dados Abertos,https://dadosabertos.camara.leg.br/api/v2/proposicoes,2026-05-18T09:06:37.310287+00:00,false
2500124,https://dadosabertos.camara.leg.br/api/v2/proposicoes/2500124,PL,139,1840,2025,Dispõe sobre a obrigatoriedade de divulgação do algoritmo de determinação das probabilidades de sucesso em apostas online e do demonstrativo de pagamentos aos ganhadores à Secretaria de Prêmios e Apostas.,2025-04-24T13:10,https://dadosabertos.camara.leg.br/api/v2/proposicoes/2500124/autores,https://www.camara.leg.br/proposicoesWeb/prop_mostrarintegra?codteor=2891290,Helio Lopes,,,Helio Lopes,2025-05-29T15:04,Recebimento,CFT,monitorar,baixo,baixo,monitoramento,algoritmo,camara_proposicoes,Câmara dos Deputados - Dados Abertos,https://dadosabertos.camara.leg.br/api/v2/proposicoes,2026-05-18T09:06:37.310287+00:00,false
2500398,https://dadosabertos.camara.leg.br/api/v2/proposicoes/2500398,PL,139,1874,2025,"Altera a Lei nº 13.146, de 6 de julho de 2015 (Lei Brasileira de Inclusão da Pessoa com Deficiência), para estender a obrigatoriedade de recursos de acessibilidade às plataformas digitais de conteúdo audiovisual e veda a cobrança adicional e a substituição de intérpretes de Libras por inteligência artificial.",2025-04-25T14:46,https://dadosabertos.camara.leg.br/api/v2/proposicoes/2500398/autores,https://www.camara.leg.br/proposicoesWeb/prop_mostrarintegra?codteor=2891930,Duarte Jr.,,,Duarte Jr.,2026-02-12T10:37,Designação de Relator(a),CCOM,em_tramitacao,medio,baixo,monitoramento,inteligencia artificial;inteligência artificial,camara_proposicoes,Câmara dos Deputados - Dados Abertos,https://dadosabertos.camara.leg.br/api/v2/proposicoes,2026-05-18T09:06:37.310287+00:00,false
2500774,https://dadosabertos.camara.leg.br/api/v2/proposicoes/2500774,PL,139,1893,2025,"Institui o Programa Nacional de Prevenção e Combate ao Estelionato Digital com o uso de algoritmos e inteligência artificial, e dá outras providências.",2025-04-28T12:22,https://dadosabertos.camara.leg.br/api/v2/proposicoes/2500774/autores,https://www.camara.leg.br/proposicoesWeb/prop_mostrarintegra?codteor=2892590,Rogéria Santos,,,Rogéria Santos,2026-04-30T14:32,Designação de Relator(a),CSPCCO,em_tramitacao,medio,baixo,monitoramento,inteligencia artificial;inteligência artificial;algoritmo,camara_proposicoes,Câmara dos Deputados - Dados Abertos,https://dadosabertos.camara.leg.br/api/v2/proposicoes,2026-05-18T09:06:37.310287+00:00,false
2502546,https://dadosabertos.camara.leg.br/api/v2/proposicoes/2502546,PL,139,1956,2025,"Altera a Lei nº 9.394, de 20 de dezembro de 1996, que estabelece diretrizes e bases da educação nacional, para prever o ensino dos fundamentos da Inteligência Artificial (IA) no currículo do ensino fundamental e do ensino médio.",2025-04-29T15:44,https://dadosabertos.camara.leg.br/api/v2/proposicoes/2502546/autores,https://www.camara.leg.br/proposicoesWeb/prop_mostrarintegra?codteor=2895089,Rafael Prudente,,,Rafael Prudente,2025-07-02T20:48,Encerramento de Prazo,CE,monitorar,baixo,baixo,monitoramento,inteligencia artificial;inteligência artificial,camara_proposicoes,Câmara dos Deputados - Dados Abertos,https://dadosabertos.camara.leg.br/api/v2/proposicoes,2026-05-18T09:06:37.310287+00:00,false
2502776,https://dadosabertos.camara.leg.br/api/v2/proposicoes/2502776,PL,139,1963,2025,Dispõe sobre a inclusão obrigatória do tema Inteligência Artificial nos currículos do ensino fundamental II e do ensino médio em todas as redes de ensino do país e dá outras providências.,2025-04-29T17:23,https://dadosabertos.camara.leg.br/api/v2/proposicoes/2502776/autores,https://www.camara.leg.br/proposicoesWeb/prop_mostrarintegra?codteor=2895425,Marcos Tavares,,,Marcos Tavares,2025-07-02T20:48,Encerramento de Prazo,CE,monitorar,baixo,baixo,monitoramento,inteligencia artificial;inteligência artificial,camara_proposicoes,Câmara dos Deputados - Dados Abertos,https://dadosabertos.camara.leg.br/api/v2/proposicoes,2026-05-18T09:06:37.310287+00:00,false
2502877,https://dadosabertos.camara.leg.br/api/v2/proposicoes/2502877,PL,139,1969,2025,"Dispõe sobre a inclusão na Lei nº 9.610, de 19 de fevereiro de 1998, da regulação da titularidade, autoria, registro, proteção e responsabilidade civil relativa às obras intelectuais geradas por sistemas de Inteligência Artificial (IA).",2025-04-29T18:04,https://dadosabertos.camara.leg.br/api/v2/proposicoes/2502877/autores,https://www.camara.leg.br/proposicoesWeb/prop_mostrarintegra?codteor=2895661,Adilson Barroso,,,Adilson Barroso,2026-04-06T14:31,Notificação de Apensação,PL233823,monitorar,baixo,alto,risco_regulatorio,inteligencia artificial;inteligência artificial,camara_proposicoes,Câmara dos Deputados - Dados Abertos,https://dadosabertos.camara.leg.br/api/v2/proposicoes,2026-05-18T09:06:37.310287+00:00,false
2503275,https://dadosabertos.camara.leg.br/api/v2/proposicoes/2503275,PL,139,2037,2025,"Tipifica o crime de atribuição fraudulenta de autoria a terceiro, por meio da criação, manipulação ou disseminação de conteúdos falsos com potencial de causar dano à honra, imagem, segurança ou à ordem pública, inclusive quando realizados com uso de inteligência artificial.",2025-04-30T18:20,https://dadosabertos.camara.leg.br/api/v2/proposicoes/2503275/autores,https://www.camara.leg.br/proposicoesWeb/prop_mostrarintegra?codteor=2896780,João Daniel,,,João Daniel,2025-06-02T19:52,Recebimento,CCJC,monitorar,baixo,baixo,monitoramento,inteligencia artificial;inteligência artificial,camara_proposicoes,Câmara dos Deputados - Dados Abertos,https://dadosabertos.camara.leg.br/api/v2/proposicoes,2026-05-18T09:06:37.310287+00:00,false
2504671,https://dadosabertos.camara.leg.br/api/v2/proposicoes/2504671,PL,139,2129,2025,Dispõe sobre a obrigatoriedade de inclusão de conteúdos relacionados à inteligência artificial no currículo da educação básica.,2025-05-06T18:12,https://dadosabertos.camara.leg.br/api/v2/proposicoes/2504671/autores,https://www.camara.leg.br/proposicoesWeb/prop_mostrarintegra?codteor=2899204,Nitinho,,,Nitinho,2026-05-08T16:36,Recebimento,CCJC,monitorar,baixo,baixo,monitoramento,inteligencia artificial;inteligência artificial,camara_proposicoes,Câmara dos Deputados - Dados Abertos,https://dadosabertos.camara.leg.br/api/v2/proposicoes,2026-05-18T09:06:37.310287+00:00,false
2507224,https://dadosabertos.camara.leg.br/api/v2/proposicoes/2507224,PL,139,2224,2025,"Institui a Política Nacional de Educação em Inteligência Artificial e Ciência da Computação, visando à modernização do ensino, à capacitação de estudantes e professores, e ao desenvolvimento socioeconômico e tecnológico do País.",2025-05-09T15:53,https://dadosabertos.camara.leg.br/api/v2/proposicoes/2507224/autores,https://www.camara.leg.br/proposicoesWeb/prop_mostrarintegra?codteor=2903057,Helio Lopes,,,Helio Lopes,2025-06-26T13:03,Encerramento de Prazo,CCTI,monitorar,baixo,medio,fomento_pesquisa_inovacao,inteligencia artificial;inteligência artificial,camara_proposicoes,Câmara dos Deputados - Dados Abertos,https://dadosabertos.camara.leg.br/api/v2/proposicoes,2026-05-18T09:06:37.310287+00:00,false
2507228,https://dadosabertos.camara.leg.br/api/v2/proposicoes/2507228,PL,139,2225,2025,Dispõe sobre a criação da Política Nacional de Formação e Capacitação de Professores da Educação Básica em Inteligência Artificial como Assistente Pedagógico para o Desenvolvimento do Ensino e Aprendizagem e dá outras providências.,2025-05-09T15:53,https://dadosabertos.camara.leg.br/api/v2/proposicoes/2507228/autores,https://www.camara.leg.br/proposicoesWeb/prop_mostrarintegra?codteor=2903061,Helio Lopes,,,Helio Lopes,2025-07-02T20:48,Encerramento de Prazo,CE,monitorar,baixo,medio,fomento_pesquisa_inovacao,inteligencia artificial;inteligência artificial,camara_proposicoes,Câmara dos Deputados - Dados Abertos,https://dadosabertos.camara.leg.br/api/v2/proposicoes,2026-05-18T09:06:37.310287+00:00,false
2508194,https://dadosabertos.camara.leg.br/api/v2/proposicoes/2508194,PL,139,2263,2025,"Acrescenta o art. 11-A a Lei nº 8.429, de 2 de junho de 1992, para tipificar como ato de improbidade administrativa a conduta de agente público que, por ação ou omissão, cause vazamento ou risco indevido de exposição de dados pessoais, em violação à legislação de proteção de dados.",2025-05-13T13:45,https://dadosabertos.camara.leg.br/api/v2/proposicoes/2508194/autores,https://www.camara.leg.br/proposicoesWeb/prop_mostrarintegra?codteor=2904897,Rosangela Moro,,,Rosangela Moro,2025-12-17T00:00,Publicação de Proposição,CCP,monitorar,baixo,alto,risco_regulatorio,dados pessoais,camara_proposicoes,Câmara dos Deputados - Dados Abertos,https://dadosabertos.camara.leg.br/api/v2/proposicoes,2026-05-18T09:06:37.310287+00:00,false
2511288,https://dadosabertos.camara.leg.br/api/v2/proposicoes/2511288,PL,139,2379,2025,"Altera a Lei nº 13.709, de 14 de agosto de 2018 (Lei Geral de Proteção de Dados Pessoais), para garantir ao titular o direito a alternativa de identificação que não envolva o fornecimento de dados biométricos faciais.",2025-05-20T13:24,https://dadosabertos.camara.leg.br/api/v2/proposicoes/2511288/autores,https://www.camara.leg.br/proposicoesWeb/prop_mostrarintegra?codteor=2911214,Fabio Schiochet,,,Fabio Schiochet,2026-04-08T21:11,Encerramento de Prazo,CCJC,monitorar,baixo,alto,risco_regulatorio,dados pessoais,camara_proposicoes,Câmara dos Deputados - Dados Abertos,https://dadosabertos.camara.leg.br/api/v2/proposicoes,2026-05-18T09:06:37.310287+00:00,false
2515281,https://dadosabertos.camara.leg.br/api/v2/proposicoes/2515281,PL,139,2462,2025,"Veda o uso de ferramentas de inteligência artificial para a realização de dublagem de obras audiovisuais ofertadas comercialmente em salas de cinema, nas programações de televisão aberta e por assinatura e nos serviços de vídeo sob demanda e outras plataformas de distribuição de conteúdos audiovisuais pela internet.",2025-05-21T20:21,https://dadosabertos.camara.leg.br/api/v2/proposicoes/2515281/autores,https://www.camara.leg.br/proposicoesWeb/prop_mostrarintegra?codteor=2915975,Ruy Carneiro,,,Ruy Carneiro,2026-04-14T21:23,Encerramento de Prazo,CCULT,monitorar,baixo,baixo,monitoramento,inteligencia artificial;inteligência artificial,camara_proposicoes,Câmara dos Deputados - Dados Abertos,https://dadosabertos.camara.leg.br/api/v2/proposicoes,2026-05-18T09:06:37.310287+00:00,false
2515291,https://dadosabertos.camara.leg.br/api/v2/proposicoes/2515291,PL,139,2463,2025,"Institui o Cadastro Nacional Integrado de Alunos da Educação Básica – “Rede Escola Brasil” – e dispõe sobre sua finalidade, operacionalização e proteção dos dados pessoais, nos termos da Lei Geral de Proteção de Dados.",2025-05-21T20:46,https://dadosabertos.camara.leg.br/api/v2/proposicoes/2515291/autores,https://www.camara.leg.br/proposicoesWeb/prop_mostrarintegra?codteor=2915989,Cobalchini,,,Cobalchini,2026-02-02T00:00,Publicação de Proposição,CCP,monitorar,baixo,alto,risco_regulatorio,dados pessoais,camara_proposicoes,Câmara dos Deputados - Dados Abertos,https://dadosabertos.camara.leg.br/api/v2/proposicoes,2026-05-18T09:06:37.310287+00:00,false
2516686,https://dadosabertos.camara.leg.br/api/v2/proposicoes/2516686,PL,139,2553,2025,"Acrescenta os arts. 1º-B a 1º-D à Lei nº 6.321, de 14 de abril de 1976, para dispor sobre a modernização, inovação tecnológica e redução dos custos de operação do Programa de Alimentação do Trabalhador (PAT) ampliando a disponibilidade do benefício alimentação e refeição a favor dos beneficiários.",2025-05-26T17:34,https://dadosabertos.camara.leg.br/api/v2/proposicoes/2516686/autores,https://www.camara.leg.br/proposicoesWeb/prop_mostrarintegra?codteor=2918461,Renata Abreu,,,Renata Abreu,2026-03-05T15:34,Designação de Relator(a),CTRAB,em_tramitacao,medio,medio,fomento_pesquisa_inovacao,inovacao tecnologica;inovação tecnológica,camara_proposicoes,Câmara dos Deputados - Dados Abertos,https://dadosabertos.camara.leg.br/api/v2/proposicoes,2026-05-18T09:06:37.310287+00:00,false
2519991,https://dadosabertos.camara.leg.br/api/v2/proposicoes/2519991,PL,139,2687,2025,"Altera o Decreto-Lei nº 2.848, de 7 de dezembro de 1940 (Código Penal), para tipificar como crime a omissão de identificação de conteúdo hiper-realista gerado por inteligência artificial com potencial de enganar terceiros.",2025-06-02T13:14,https://dadosabertos.camara.leg.br/api/v2/proposicoes/2519991/autores,https://www.camara.leg.br/proposicoesWeb/prop_mostrarintegra?codteor=2924692,João Daniel,,,João Daniel,2025-06-26T16:32,Recebimento,CCJC,monitorar,baixo,alto,risco_regulatorio,inteligencia artificial;inteligência artificial,camara_proposicoes,Câmara dos Deputados - Dados Abertos,https://dadosabertos.camara.leg.br/api/v2/proposicoes,2026-05-18T09:06:37.310287+00:00,false
2520003,https://dadosabertos.camara.leg.br/api/v2/proposicoes/2520003,PL,139,2688,2025,"Institui o Marco Regulatório do Desenvolvimento e Uso da Inteligência Artificial no Brasil, estabelece direitos, deveres, princípios, mecanismos de governança, normas de transparência e responsabilidade civil e penal, e dá outras providências.",2025-06-02T13:25,https://dadosabertos.camara.leg.br/api/v2/proposicoes/2520003/autores,https://www.camara.leg.br/proposicoesWeb/prop_mostrarintegra?codteor=2924713,João Daniel,,,João Daniel,2026-03-27T16:35,Designação de Relator(a),CCTI,em_tramitacao,medio,alto,risco_regulatorio,inteligencia artificial;inteligência artificial;dados pessoais,camara_proposicoes,Câmara dos Deputados - Dados Abertos,https://dadosabertos.camara.leg.br/api/v2/proposicoes,2026-05-18T09:06:37.310287+00:00,false
2526910,https://dadosabertos.camara.leg.br/api/v2/proposicoes/2526910,PL,139,2968,2025,"Altera as Leis nº 9.394, de 20 de dezembro de 1996, e nº 14.533, de 11 de janeiro de 2023, para incluir competências relativas à inteligência artificial como conteúdo a ser ensinado nos currículos escolares.",2025-06-17T20:22,https://dadosabertos.camara.leg.br/api/v2/proposicoes/2526910/autores,https://www.camara.leg.br/proposicoesWeb/prop_mostrarintegra?codteor=2938274,Evair Vieira de Melo,,,Evair Vieira de Melo,2025-10-06T08:41,Apensação,MESA,monitorar,baixo,baixo,monitoramento,inteligencia artificial;inteligência artificial,camara_proposicoes,Câmara dos Deputados - Dados Abertos,https://dadosabertos.camara.leg.br/api/v2/proposicoes,2026-05-18T09:06:37.310287+00:00,false
2527110,https://dadosabertos.camara.leg.br/api/v2/proposicoes/2527110,PL,139,2983,2025,Dispõe sobre a obrigatoriedade de identificação de conteúdos audiovisuais gerados por inteligência artificial e estabelece medidas para proteção dos consumidores digitais.,2025-06-18T12:22,https://dadosabertos.camara.leg.br/api/v2/proposicoes/2527110/autores,https://www.camara.leg.br/proposicoesWeb/prop_mostrarintegra?codteor=2938663,Prof. Reginaldo Veras,,,Prof. Reginaldo Veras,2026-04-06T14:32,Notificação de Apensação,PL233823,monitorar,baixo,baixo,monitoramento,inteligencia artificial;inteligência artificial,camara_proposicoes,Câmara dos Deputados - Dados Abertos,https://dadosabertos.camara.leg.br/api/v2/proposicoes,2026-05-18T09:06:37.310287+00:00,false
2527320,https://dadosabertos.camara.leg.br/api/v2/proposicoes/2527320,PL,139,3003,2025,Dispõe sobre a vedação da substituição de docentes por sistemas de inteligência artificial na educação básica e no ensino superior.,2025-06-23T10:21,https://dadosabertos.camara.leg.br/api/v2/proposicoes/2527320/autores,https://www.camara.leg.br/proposicoesWeb/prop_mostrarintegra?codteor=2939361,Prof. Reginaldo Veras,,,Prof. Reginaldo Veras,2026-05-06T22:09,Encerramento de Prazo,CE,monitorar,baixo,baixo,monitoramento,inteligencia artificial;inteligência artificial,camara_proposicoes,Câmara dos Deputados - Dados Abertos,https://dadosabertos.camara.leg.br/api/v2/proposicoes,2026-05-18T09:06:37.310287+00:00,false
2527346,https://dadosabertos.camara.leg.br/api/v2/proposicoes/2527346,PL,139,3009,2025,"Altera a Lei nº 9.394, de 20 de dezembro de 1996, para estabelecer como componente curricular o ensino da  Inteligência Artificial.",2025-06-23T11:28,https://dadosabertos.camara.leg.br/api/v2/proposicoes/2527346/autores,https://www.camara.leg.br/proposicoesWeb/prop_mostrarintegra?codteor=2939428,David Soares,,,David Soares,2026-04-06T14:32,Notificação de Apensação,PL233823,monitorar,baixo,baixo,monitoramento,inteligencia artificial;inteligência artificial,camara_proposicoes,Câmara dos Deputados - Dados Abertos,https://dadosabertos.camara.leg.br/api/v2/proposicoes,2026-05-18T09:06:37.310287+00:00,false
2528433,https://dadosabertos.camara.leg.br/api/v2/proposicoes/2528433,PL,139,3066,2025,"Institui medidas de enfrentamento e repressão aos crimes de pornografia de crianças e adolescentes relacionados ao uso de inteligência artificial e de técnicas de mascaramento de endereço de IP empregadas para viabilizar a prática de crimes relacionados à pornografia infantil na internet, altera a Lei nº 8.069/90 (Estatuto da Criança e do Adolescente), o Decreto-Lei nº 3.689, de 3 de outubro de 1941 (Código de Processo Penal), a Lei nº 7.210, de 11 de julho de 1984 (Lei de Execução Penal), a Lei nº 8.072, de 25 de julho de 1990 (Lei dos Crimes Hediondos) e a Lei nº 12.850/2013 (Lei das Organizações Criminosas) para recrudescer o tratamento penal aos criminosos sexuais.",2025-06-25T17:59,https://dadosabertos.camara.leg.br/api/v2/proposicoes/2528433/autores,https://www.camara.leg.br/proposicoesWeb/prop_mostrarintegra?codteor=2941974,Osmar Terra,,,Osmar Terra,2026-05-14T09:00,Encerramentos,PLEN,monitorar,baixo,alto,risco_regulatorio,inteligencia artificial;inteligência artificial,camara_proposicoes,Câmara dos Deputados - Dados Abertos,https://dadosabertos.camara.leg.br/api/v2/proposicoes,2026-05-18T09:06:37.310287+00:00,false
2528688,https://dadosabertos.camara.leg.br/api/v2/proposicoes/2528688,PL,139,3091,2025,"Altera a Lei nº 8.078, de 11 de setembro de 1990 (Código de Defesa do Consumidor), para vedar, no âmbito das relações de consumo, o uso de conteúdos gerados por inteligência artificial que simulem, de forma realista, profissionais da saúde, autoridades públicas ou especialistas, com o objetivo de influenciar decisões de compra, adesão ou consumo.",2025-06-26T16:32,https://dadosabertos.camara.leg.br/api/v2/proposicoes/2528688/autores,https://www.camara.leg.br/proposicoesWeb/prop_mostrarintegra?codteor=2942701,Fabio Schiochet,,,Fabio Schiochet,2025-10-16T00:00,Encerramento de Prazo,CDC,monitorar,baixo,baixo,monitoramento,inteligencia artificial;inteligência artificial,camara_proposicoes,Câmara dos Deputados - Dados Abertos,https://dadosabertos.camara.leg.br/api/v2/proposicoes,2026-05-18T09:06:37.310287+00:00,false
2531637,https://dadosabertos.camara.leg.br/api/v2/proposicoes/2531637,PL,139,3224,2025,"Dispõe sobre a destinação mínima de recursos de fundos públicos federais de conectividade e inovação tecnológica à Região Norte do Brasil e estabelece diretrizes para sua aplicação prioritária, com metas, critérios de transparência e controle social.",2025-07-02T20:49,https://dadosabertos.camara.leg.br/api/v2/proposicoes/2531637/autores,https://www.camara.leg.br/proposicoesWeb/prop_mostrarintegra?codteor=2948550,Duda Ramos,,,Duda Ramos,2026-03-27T16:37,Designação de Relator(a),CCTI,em_tramitacao,medio,medio,fomento_pesquisa_inovacao,inovacao tecnologica;inovação tecnológica,camara_proposicoes,Câmara dos Deputados - Dados Abertos,https://dadosabertos.camara.leg.br/api/v2/proposicoes,2026-05-18T09:06:37.310287+00:00,false
2538782,https://dadosabertos.camara.leg.br/api/v2/proposicoes/2538782,PL,139,3630,2025,"Altera a Lei nº 13.709, de 14 de agosto de 2018 (Lei Geral de Proteção de Dados Pessoais), para permitir a divulgação de imagens de pessoas flagradas cometendo crimes dentro de estabelecimentos comerciais.",2025-07-23T10:28,https://dadosabertos.camara.leg.br/api/v2/proposicoes/2538782/autores,https://www.camara.leg.br/proposicoesWeb/prop_mostrarintegra?codteor=2962459,Bia Kicis,,,Bia Kicis,2026-03-25T00:00,Expedição de Documento,MESA,monitorar,baixo,alto,risco_regulatorio,dados pessoais,camara_proposicoes,Câmara dos Deputados - Dados Abertos,https://dadosabertos.camara.leg.br/api/v2/proposicoes,2026-05-18T09:06:37.310287+00:00,false
2539820,https://dadosabertos.camara.leg.br/api/v2/proposicoes/2539820,PL,139,3719,2025,"Lei de Transformação Digital, a interoperabilidade e a modernização do Sistema Unico de Saúde (SUS)",2025-08-05T17:06,https://dadosabertos.camara.leg.br/api/v2/proposicoes/2539820/autores,https://www.camara.leg.br/proposicoesWeb/prop_mostrarintegra?codteor=2966235,Dr. Ismael Alexandrino,,,Dr. Ismael Alexandrino,2026-04-23T09:52,Notificação de Apensação,CCTI,monitorar,baixo,baixo,monitoramento,transformacao digital;transformação digital,camara_proposicoes,Câmara dos Deputados - Dados Abertos,https://dadosabertos.camara.leg.br/api/v2/proposicoes,2026-05-18T09:06:37.310287+00:00,false
2541085,https://dadosabertos.camara.leg.br/api/v2/proposicoes/2541085,PL,139,3782,2025,"Dispõe sobre a vedação da substituição de profissionais humanos por sistemas de inteligência artificial em atividades que exigem vínculo interpessoal direto, e dá outras providências.",2025-08-06T16:20,https://dadosabertos.camara.leg.br/api/v2/proposicoes/2541085/autores,https://www.camara.leg.br/proposicoesWeb/prop_mostrarintegra?codteor=2967926,Prof. Reginaldo Veras,,,Prof. Reginaldo Veras,2025-09-23T19:11,Recebimento,PL233823,monitorar,baixo,baixo,monitoramento,inteligencia artificial;inteligência artificial,camara_proposicoes,Câmara dos Deputados - Dados Abertos,https://dadosabertos.camara.leg.br/api/v2/proposicoes,2026-05-18T09:06:37.310287+00:00,false
2541086,https://dadosabertos.camara.leg.br/api/v2/proposicoes/2541086,PL,139,3783,2025,"Dispõe sobre a obrigatoriedade de advertências, recomendações etárias e limites de uso consciente de ferramentas de inteligência artificial, com foco na prevenção de danos à saúde mental, especialmente entre crianças, adolescentes e pessoas com transtornos mentais diagnosticados. Estabelece diretrizes para campanhas educativas, pesquisas públicas e responsabilização de desenvolvedores e provedores.",2025-08-06T16:20,https://dadosabertos.camara.leg.br/api/v2/proposicoes/2541086/autores,https://www.camara.leg.br/proposicoesWeb/prop_mostrarintegra?codteor=2967927,Prof. Reginaldo Veras,,,Prof. Reginaldo Veras,2025-09-23T19:11,Recebimento,PL233823,monitorar,baixo,medio,fomento_pesquisa_inovacao,inteligencia artificial;inteligência artificial,camara_proposicoes,Câmara dos Deputados - Dados Abertos,https://dadosabertos.camara.leg.br/api/v2/proposicoes,2026-05-18T09:06:37.310287+00:00,false
2542066,https://dadosabertos.camara.leg.br/api/v2/proposicoes/2542066,PL,139,3848,2025,"Dispõe sobre a criminalização e responsabilização civil e penal de condutas que envolvam a sexualização ou adultização de crianças e adolescentes em conteúdos audiovisuais, e estabelece medidas para bloqueio de algoritmos e contas que promovam ou busquem tais conteúdos nas plataformas digitais, nos termos da Constituição Federal e do Estatuto da Criança e do Adolescente.",2025-08-11T10:36,https://dadosabertos.camara.leg.br/api/v2/proposicoes/2542066/autores,https://www.camara.leg.br/proposicoesWeb/prop_mostrarintegra?codteor=2969929,Yandra Moura,,,Yandra Moura,2025-08-11T10:36,Apresentação de Proposição,MESA,monitorar,baixo,alto,risco_regulatorio,algoritmo,camara_proposicoes,Câmara dos Deputados - Dados Abertos,https://dadosabertos.camara.leg.br/api/v2/proposicoes,2026-05-18T09:06:37.310287+00:00,false
2542388,https://dadosabertos.camara.leg.br/api/v2/proposicoes/2542388,PL,139,3886,2025,"Proíbe a monetização de conteúdos digitais com a participação de crianças e adolescentes e altera a Lei nº 8.069, de 13 de julho de 1990 – Estatuto da Criança e do Adolescente, a Lei nº 12.965, de 23 de abril de 2014 – Marco Civil da Internet, e a Lei nº 13.709, de 14 de agosto de 2018 – Lei Geral de Proteção de Dados Pessoais, para reforçar a proteção de crianças e adolescentes.",2025-08-11T18:09,https://dadosabertos.camara.leg.br/api/v2/proposicoes/2542388/autores,https://www.camara.leg.br/proposicoesWeb/prop_mostrarintegra?codteor=2970416,Tabata Amaral,,,Tabata Amaral,2025-10-09T08:07,Apresentação de Requerimento,PLEN,monitorar,baixo,alto,risco_regulatorio,dados pessoais,camara_proposicoes,Câmara dos Deputados - Dados Abertos,https://dadosabertos.camara.leg.br/api/v2/proposicoes,2026-05-18T09:06:37.310287+00:00,false
2542392,https://dadosabertos.camara.leg.br/api/v2/proposicoes/2542392,PL,139,3890,2025,"Dispõe sobre a proibição da monetização e inclusão em algoritmos de conteúdos produzidos por crianças e adolescentes em plataformas digitais, regulamenta as hipóteses autorizadas de atuação artística profissional de menores em ambiente digital, altera a Lei nº 12.965, de 23 de abril de 2014 (Marco Civil da Internet), e a Lei nº 8.069, de 13 de julho de 1990 (Estatuto da Criança e do dolescente), e dá outras providências.",2025-08-11T18:56,https://dadosabertos.camara.leg.br/api/v2/proposicoes/2542392/autores,https://www.camara.leg.br/proposicoesWeb/prop_mostrarintegra?codteor=2970422,Ruy Carneiro,,,Ruy Carneiro,2025-08-11T18:56,Apresentação de Proposição,MESA,monitorar,baixo,baixo,monitoramento,algoritmo,camara_proposicoes,Câmara dos Deputados - Dados Abertos,https://dadosabertos.camara.leg.br/api/v2/proposicoes,2026-05-18T09:06:37.310287+00:00,false
2542857,https://dadosabertos.camara.leg.br/api/v2/proposicoes/2542857,PL,139,3917,2025,"Dispõe sobre a obrigatoriedade da integração nativa, imutável e inteligente de sistema nacional de proteção e rastreamento de dispositivos móveis, denominado “Sentinela Digital”, com persistência total no hardware, autenticação multifatorial via Gov.br, inteligência artificial para monitoramento de tentativas de fraude e integração com blockchain para registro imutável de bloqueios e desbloqueios, e dá outras providências.",2025-08-12T14:33,https://dadosabertos.camara.leg.br/api/v2/proposicoes/2542857/autores,https://www.camara.leg.br/proposicoesWeb/prop_mostrarintegra?codteor=2971182,Marcos Tavares,,,Marcos Tavares,2025-10-01T22:49,Encerramento de Prazo,CSPCCO,monitorar,baixo,alto,risco_regulatorio,inteligencia artificial;inteligência artificial;dados pessoais,camara_proposicoes,Câmara dos Deputados - Dados Abertos,https://dadosabertos.camara.leg.br/api/v2/proposicoes,2026-05-18T09:06:37.310287+00:00,false
2543172,https://dadosabertos.camara.leg.br/api/v2/proposicoes/2543172,PL,139,3963,2025,"Altera a Lei nº 13.709, de 14 de agosto de 2018 (Lei Geral de Proteção de Dados Pessoais – LGPD), e a Lei nº 8.069, de 13 de julho de 1990 (Estatuto da Criança e do Adolescente – ECA), para vedar a monetização de conteúdo digital que contenha erotização infantil e estabelecer responsabilidade solidária das plataformas.",2025-08-12T20:30,https://dadosabertos.camara.leg.br/api/v2/proposicoes/2543172/autores,https://www.camara.leg.br/proposicoesWeb/prop_mostrarintegra?codteor=2971671,Marcelo Álvaro Antônio,,,Marcelo Álvaro Antônio,2025-08-12T20:30,Apresentação de Proposição,MESA,monitorar,baixo,alto,risco_regulatorio,dados pessoais,camara_proposicoes,Câmara dos Deputados - Dados Abertos,https://dadosabertos.camara.leg.br/api/v2/proposicoes,2026-05-18T09:06:37.310287+00:00,false
2543191,https://dadosabertos.camara.leg.br/api/v2/proposicoes/2543191,PL,139,3967,2025,"Altera a Lei nº 12.965, de 23 de abril de 2014 (Marco Civil da Internet), para dispor sobre a obrigatoriedade de identificação de conteúdo gerado por inteligência artificial.",2025-08-12T21:05,https://dadosabertos.camara.leg.br/api/v2/proposicoes/2543191/autores,https://www.camara.leg.br/proposicoesWeb/prop_mostrarintegra?codteor=2971761,Laura Carneiro,,,Laura Carneiro,2026-05-14T14:24,Notificação de Apensação,MESA,monitorar,baixo,baixo,monitoramento,inteligencia artificial;inteligência artificial,camara_proposicoes,Câmara dos Deputados - Dados Abertos,https://dadosabertos.camara.leg.br/api/v2/proposicoes,2026-05-18T09:06:37.310287+00:00,false
2543193,https://dadosabertos.camara.leg.br/api/v2/proposicoes/2543193,PL,139,3968,2025,"Altera a Lei nº 13.709, de 14 de agosto de 2018 (Lei Geral de Proteção de Dados Pessoais), para instituir o Termo Nacional de Segurança Digital para Crianças e Adolescentes e estabelecer diretrizes obrigatórias de proteção no ambiente digital.",2025-08-12T21:40,https://dadosabertos.camara.leg.br/api/v2/proposicoes/2543193/autores,https://www.camara.leg.br/proposicoesWeb/prop_mostrarintegra?codteor=2971763,Defensor Stélio Dener,,,Defensor Stélio Dener,2025-08-12T21:40,Apresentação de Proposição,MESA,monitorar,baixo,alto,risco_regulatorio,dados pessoais,camara_proposicoes,Câmara dos Deputados - Dados Abertos,https://dadosabertos.camara.leg.br/api/v2/proposicoes,2026-05-18T09:06:37.310287+00:00,false
2547251,https://dadosabertos.camara.leg.br/api/v2/proposicoes/2547251,PL,139,4041,2025,"Dispõe sobre a proteção da atividade de dublagem no Brasil, estabelece regras para contratação de profissionais e empresas nacionais, regulamenta o uso de inteligência artificial na dublagem e dá outras providências.",2025-08-15T17:51,https://dadosabertos.camara.leg.br/api/v2/proposicoes/2547251/autores,https://www.camara.leg.br/proposicoesWeb/prop_mostrarintegra?codteor=2976846,Leo Prates,,,Leo Prates,2026-03-11T00:00,Designação de Relator(a),CCTI,em_tramitacao,medio,alto,risco_regulatorio,inteligencia artificial;inteligência artificial;dados pessoais,camara_proposicoes,Câmara dos Deputados - Dados Abertos,https://dadosabertos.camara.leg.br/api/v2/proposicoes,2026-05-18T09:06:37.310287+00:00,false
2549047,https://dadosabertos.camara.leg.br/api/v2/proposicoes/2549047,PL,139,4069,2025,"Dispõe sobre a proteção integral de crianças e adolescentes no ambiente digital, alterando a Lei nº 8.069, de 13 de julho de 1990 (Estatuto da Criança e do Adolescente), a Lei nº 12.965, de 23 de abril de 2014 (Marco Civil da Internet) e a Lei nº 13.709, de 14 de agosto de 2018 (Lei Geral de Proteção de Dados Pessoais), para instituir mecanismos de combate à adultização precoce, à pedofilia e à exploração sexual no ambiente virtual.",2025-08-18T21:38,https://dadosabertos.camara.leg.br/api/v2/proposicoes/2549047/autores,https://www.camara.leg.br/proposicoesWeb/prop_mostrarintegra?codteor=2979150,Pedro Aihara,,,Pedro Aihara,2025-08-18T21:38,Apresentação de Proposição,MESA,monitorar,baixo,alto,risco_regulatorio,algoritmo;dados pessoais,camara_proposicoes,Câmara dos Deputados - Dados Abertos,https://dadosabertos.camara.leg.br/api/v2/proposicoes,2026-05-18T09:06:37.310287+00:00,false
2549064,https://dadosabertos.camara.leg.br/api/v2/proposicoes/2549064,PL,139,4077,2025,"Institui o Programa Nacional de Atração e Retenção de Talentos - PNART com a finalidade de fomentar a atração, o retorno e a permanência no país de profissionais de excelência, com o objetivo de desenvolver projetos de pesquisa científica e de inovação tecnológica, visando promover o avanço econômico e social no país.",2025-08-19T09:46,https://dadosabertos.camara.leg.br/api/v2/proposicoes/2549064/autores,https://www.camara.leg.br/proposicoesWeb/prop_mostrarintegra?codteor=2979172,Vitor Lippi,,,Vitor Lippi,2026-05-14T00:00,Publicação de Proposição,CCP,monitorar,baixo,medio,fomento_pesquisa_inovacao,inovacao tecnologica;inovação tecnológica,camara_proposicoes,Câmara dos Deputados - Dados Abertos,https://dadosabertos.camara.leg.br/api/v2/proposicoes,2026-05-18T09:06:37.310287+00:00,false
2550745,https://dadosabertos.camara.leg.br/api/v2/proposicoes/2550745,PL,139,4135,2025,"Altera a Lei nº 13.709, de 14 de agosto de 2018 (Lei Geral de Proteção de Dados Pessoais – LGPD), para dispor sobre a obrigatoriedade de auditoria com periodicidade mínima anual das plataformas digitais.",2025-08-20T16:39,https://dadosabertos.camara.leg.br/api/v2/proposicoes/2550745/autores,https://www.camara.leg.br/proposicoesWeb/prop_mostrarintegra?codteor=2981621,Otto Alencar Filho,,,Otto Alencar Filho,2026-05-06T14:00,Retirada de Pauta,CCOM,encerrada,alto,alto,risco_regulatorio,algoritmo;dados pessoais,camara_proposicoes,Câmara dos Deputados - Dados Abertos,https://dadosabertos.camara.leg.br/api/v2/proposicoes,2026-05-18T09:06:37.310287+00:00,false
2554623,https://dadosabertos.camara.leg.br/api/v2/proposicoes/2554623,PL,139,4308,2025,"Altera a Lei no 12.965, de 23 de abril de 2014 (Marco Civil da Internet), para dispor sobre a obrigatoriedade de aviso ao usuário do emprego de ferramentas de inteligência artificial em aplicação de internet.",2025-08-28T15:02,https://dadosabertos.camara.leg.br/api/v2/proposicoes/2554623/autores,https://www.camara.leg.br/proposicoesWeb/prop_mostrarintegra?codteor=2988307,Tião Medeiros,,,Tião Medeiros,2025-09-23T19:11,Recebimento,PL233823,monitorar,baixo,baixo,monitoramento,inteligencia artificial;inteligência artificial,camara_proposicoes,Câmara dos Deputados - Dados Abertos,https://dadosabertos.camara.leg.br/api/v2/proposicoes,2026-05-18T09:06:37.310287+00:00,false
2554834,https://dadosabertos.camara.leg.br/api/v2/proposicoes/2554834,PL,139,4323,2025,"Altera a Lei nº 8.069, de 13 de julho de 1990 (Estatuto da Criança e do Adolescente), para tipificar o crime de aliciamento cibernético em tempo real e agravar penas para a utilização de inteligência artificial na produção de material de exploração sexual infantil.",2025-08-29T13:14,https://dadosabertos.camara.leg.br/api/v2/proposicoes/2554834/autores,https://www.camara.leg.br/proposicoesWeb/prop_mostrarintegra?codteor=2988838,Delegado Bruno Lima,,,Delegado Bruno Lima,2025-10-02T10:57,Apresentação de Requerimento,MESA,monitorar,baixo,baixo,monitoramento,inteligencia artificial;inteligência artificial,camara_proposicoes,Câmara dos Deputados - Dados Abertos,https://dadosabertos.camara.leg.br/api/v2/proposicoes,2026-05-18T09:06:37.310287+00:00,false
2555351,https://dadosabertos.camara.leg.br/api/v2/proposicoes/2555351,PL,139,4348,2025,"Altera a Lei nº 13.819, de 26 de abril de 2019, para incluir a obrigatoriedade de emissão de alertas preventivos por chatbots e sistemas de inteligência artificial em interações relacionadas à saúde mental, automutilação ou suicídio.",2025-09-01T16:21,https://dadosabertos.camara.leg.br/api/v2/proposicoes/2555351/autores,https://www.camara.leg.br/proposicoesWeb/prop_mostrarintegra?codteor=2989901,Pedro Campos,,,Pedro Campos,2026-05-15T09:30,Encerramento de Prazo,CCOM,monitorar,baixo,baixo,monitoramento,inteligencia artificial;inteligência artificial,camara_proposicoes,Câmara dos Deputados - Dados Abertos,https://dadosabertos.camara.leg.br/api/v2/proposicoes,2026-05-18T09:06:37.310287+00:00,false
2555654,https://dadosabertos.camara.leg.br/api/v2/proposicoes/2555654,PL,139,4356,2025,"Estabelece normas gerais programáticas, de aplicação em âmbito nacional, para a utilização de tecnologias baseadas em inteligência artificial no âmbito do Sistema Único de Segurança Pública – SUSP, visando à prevenção e à repressão de infrações penais, à proteção de pessoas e bens e à preservação da ordem pública, potencializando a observância dos direitos e garantias fundamentais.",2025-09-02T13:11,https://dadosabertos.camara.leg.br/api/v2/proposicoes/2555654/autores,https://www.camara.leg.br/proposicoesWeb/prop_mostrarintegra?codteor=2990573,Romero Rodrigues,,,Romero Rodrigues,2026-03-18T20:08,Designação de Relator(a),CCTI,em_tramitacao,medio,alto,risco_regulatorio,inteligencia artificial;inteligência artificial,camara_proposicoes,Câmara dos Deputados - Dados Abertos,https://dadosabertos.camara.leg.br/api/v2/proposicoes,2026-05-18T09:06:37.310287+00:00,false
2555663,https://dadosabertos.camara.leg.br/api/v2/proposicoes/2555663,PL,139,4358,2025,"Institui princípios, objetivos, diretrizes, direitos, deveres, instrumentos de gestão de risco e de transparência, bem como mecanismos de fomento, fiscalização e governança para o desenvolvimento e o uso ético e responsável de sistemas de Inteligência Artificial no Brasil, e dá outras providências.",2025-09-02T13:11,https://dadosabertos.camara.leg.br/api/v2/proposicoes/2555663/autores,https://www.camara.leg.br/proposicoesWeb/prop_mostrarintegra?codteor=2990583,Romero Rodrigues,,,Romero Rodrigues,2026-04-06T14:34,Notificação de Apensação,PL233823,monitorar,baixo,alto,risco_regulatorio,inteligencia artificial;inteligência artificial,camara_proposicoes,Câmara dos Deputados - Dados Abertos,https://dadosabertos.camara.leg.br/api/v2/proposicoes,2026-05-18T09:06:37.310287+00:00,false
2555890,https://dadosabertos.camara.leg.br/api/v2/proposicoes/2555890,PL,139,4369,2025,"Institui a obrigatoriedade do uso de câmeras corporais inteligentes, integradas a sistemas de Inteligência Artificial, pelas Polícias Militares e Civis em todo o território nacional, e dá outras providências.",2025-09-02T15:15,https://dadosabertos.camara.leg.br/api/v2/proposicoes/2555890/autores,https://www.camara.leg.br/proposicoesWeb/prop_mostrarintegra?codteor=2990836,Marcos Tavares,,,Marcos Tavares,2026-02-09T22:50,Encerramento de Prazo,CSPCCO,monitorar,baixo,baixo,monitoramento,inteligencia artificial;inteligência artificial,camara_proposicoes,Câmara dos Deputados - Dados Abertos,https://dadosabertos.camara.leg.br/api/v2/proposicoes,2026-05-18T09:06:37.310287+00:00,false
2556998,https://dadosabertos.camara.leg.br/api/v2/proposicoes/2556998,PL,139,4416,2025,"Altera a Lei nº 13.819, de 26 de abril de 2019, que institui a Política Nacional de Prevenção da Automutilação e do Suicídio, para instituir salvaguardas obrigatórias em sistemas de inteligência artificial.",2025-09-03T16:45,https://dadosabertos.camara.leg.br/api/v2/proposicoes/2556998/autores,https://www.camara.leg.br/proposicoesWeb/prop_mostrarintegra?codteor=2992652,Aureo Ribeiro,,,Aureo Ribeiro,2026-05-07T12:57,Notificacao para Publicação Intermediária,CCOM,monitorar,baixo,baixo,monitoramento,inteligencia artificial;inteligência artificial,camara_proposicoes,Câmara dos Deputados - Dados Abertos,https://dadosabertos.camara.leg.br/api/v2/proposicoes,2026-05-18T09:06:37.310287+00:00,false
2557387,https://dadosabertos.camara.leg.br/api/v2/proposicoes/2557387,PL,139,4452,2025,"Altera a Lei nº 13.709, de 14 de agosto de 2018 (LGPD), para tornar indispensável o consentimento do titular para o tratamento de dados pessoais para fins de recriação de voz ou imagem de pessoa natural por meio da utilização de recurso tecnológico.",2025-09-04T16:47,https://dadosabertos.camara.leg.br/api/v2/proposicoes/2557387/autores,https://www.camara.leg.br/proposicoesWeb/prop_mostrarintegra?codteor=2993443,Celso Russomanno,,,Celso Russomanno,2025-10-29T16:53,Recebimento,CCJC,monitorar,baixo,alto,risco_regulatorio,dados pessoais,camara_proposicoes,Câmara dos Deputados - Dados Abertos,https://dadosabertos.camara.leg.br/api/v2/proposicoes,2026-05-18T09:06:37.310287+00:00,false
2557405,https://dadosabertos.camara.leg.br/api/v2/proposicoes/2557405,PL,139,4455,2025,"Altera a Lei nº 14.533, de 11 de janeiro de 2023, que institui a Política Nacional de Educação Digital e dá outras providências, para dispor sobre desenvolvimento de competências para o uso inteligência artificial.",2025-09-04T18:20,https://dadosabertos.camara.leg.br/api/v2/proposicoes/2557405/autores,https://www.camara.leg.br/proposicoesWeb/prop_mostrarintegra?codteor=2993539,Maurício Carvalho,,,Maurício Carvalho,2025-10-06T19:12,Recebimento,PL233823,monitorar,baixo,medio,fomento_pesquisa_inovacao,inteligencia artificial;inteligência artificial,camara_proposicoes,Câmara dos Deputados - Dados Abertos,https://dadosabertos.camara.leg.br/api/v2/proposicoes,2026-05-18T09:06:37.310287+00:00,false
2559965,https://dadosabertos.camara.leg.br/api/v2/proposicoes/2559965,PL,139,4522,2025,Dispõe sobre diretrizes e critérios para o cumprimento dos protocolos do Conselho Federal de Psicologia no âmbito do uso de sistemas de inteligência artificial generativa de uso conversacional (IAg-C).,2025-09-10T14:01,https://dadosabertos.camara.leg.br/api/v2/proposicoes/2559965/autores,https://www.camara.leg.br/proposicoesWeb/prop_mostrarintegra?codteor=2998075,Camila Jara,,,Camila Jara; Dorinaldo Malafaia; Duarte Jr.; Pedro Campos; Tabata Amaral,2026-05-07T12:57,Notificacao para Publicação Intermediária,CCOM,monitorar,baixo,baixo,monitoramento,inteligencia artificial;inteligência artificial,camara_proposicoes,Câmara dos Deputados - Dados Abertos,https://dadosabertos.camara.leg.br/api/v2/proposicoes,2026-05-18T09:06:37.310287+00:00,false
2561378,https://dadosabertos.camara.leg.br/api/v2/proposicoes/2561378,PL,139,4621,2025,"Dispõe sobre a destinação de percentual das receitas públicas oriundas da exploração de petróleo e gás natural na Margem Equatorial Brasileira para investimentos em proteção do meio ambiente, saúde, educação e tecnologia, cria o Fundo Soberano Brasileiro para o Futuro e o Fundo Nacional de Desenvolvimento da Inteligência Artificial Brasileira, e dá outras providências.",2025-09-16T18:23,https://dadosabertos.camara.leg.br/api/v2/proposicoes/2561378/autores,https://www.camara.leg.br/proposicoesWeb/prop_mostrarintegra?codteor=3001114,Rubens Pereira Júnior,,,Rubens Pereira Júnior,2026-04-15T21:55,Encerramento de Prazo,CME,monitorar,baixo,medio,fomento_pesquisa_inovacao,inteligencia artificial;inteligência artificial;pesquisa e desenvolvimento,camara_proposicoes,Câmara dos Deputados - Dados Abertos,https://dadosabertos.camara.leg.br/api/v2/proposicoes,2026-05-18T09:06:37.310287+00:00,false
2563330,https://dadosabertos.camara.leg.br/api/v2/proposicoes/2563330,PL,139,4709,2025,"Dispõe sobre a prevenção e repressão ao “golpe do falso advogado” e outras fraudes processuais eletrônicas; altera o Decreto-Lei nº 2.848, de 7 de dezembro de 1940 (Código Penal); altera a Lei nº 12.965, de 23 de abril de 2014 (Marco Civil da Internet); altera a Medida Provisória nº 2.200-2, de 24 de agosto de 2001; estabelece diretrizes à proteção de dados pessoais nos sistemas judiciais eletrônicos; determina medidas de segurança e auditoria para o acesso a processos eletrônicos; institui o Cadastro Nacional de Condenados por Estelionato Eletrônico e dá outras providências.",2025-09-23T12:44,https://dadosabertos.camara.leg.br/api/v2/proposicoes/2563330/autores,https://www.camara.leg.br/proposicoesWeb/prop_mostrarintegra?codteor=3004912,Gilson Daniel,,,Gilson Daniel,2026-04-08T00:00,Expedição de Documento,MESA,monitorar,baixo,alto,risco_regulatorio,dados pessoais,camara_proposicoes,Câmara dos Deputados - Dados Abertos,https://dadosabertos.camara.leg.br/api/v2/proposicoes,2026-05-18T09:06:37.310287+00:00,false
2568007,https://dadosabertos.camara.leg.br/api/v2/proposicoes/2568007,PL,139,5005,2025,"Altera a Lei nº 9.610, de 19 de fevereiro de 1998, para dispor sobre a proteção da imagem, voz e demais características pessoais contra imitações digitais realistas geradas por inteligência artificial ou tecnologia similar, bem como reforça os direitos dos artistas intérpretes ou executantes.",2025-10-07T16:18,https://dadosabertos.camara.leg.br/api/v2/proposicoes/2568007/autores,https://www.camara.leg.br/proposicoesWeb/prop_mostrarintegra?codteor=3014749,Lucas Ramos,,,Lucas Ramos,2026-03-17T00:00,Designação de Relator(a),CCTI,em_tramitacao,medio,alto,risco_regulatorio,inteligencia artificial;inteligência artificial,camara_proposicoes,Câmara dos Deputados - Dados Abertos,https://dadosabertos.camara.leg.br/api/v2/proposicoes,2026-05-18T09:06:37.310287+00:00,false
2571494,https://dadosabertos.camara.leg.br/api/v2/proposicoes/2571494,PL,139,5144,2025,"Institui a Política Nacional Integrada de Proteção, Bem-Estar e Direitos dos Animais (PNIPDA), cria o Sistema Nacional de Saúde e Proteção Animal (SISPA), estabelece o Cadastro Nacional Único de Animais (CNUA) e dispõe sobre medidas de combate a maus-tratos, incentivo à adoção responsável, inovação tecnológica e integração da causa animal às políticas de saúde, segurança, educação, meio ambiente e desenvolvimento econômico.",2025-10-14T18:13,https://dadosabertos.camara.leg.br/api/v2/proposicoes/2571494/autores,https://www.camara.leg.br/proposicoesWeb/prop_mostrarintegra?codteor=3021626,Marcos Tavares,,,Marcos Tavares,2026-02-03T15:48,Notificação de Apensação,CSAUDE,monitorar,baixo,alto,risco_regulatorio,inovacao tecnologica;inovação tecnológica,camara_proposicoes,Câmara dos Deputados - Dados Abertos,https://dadosabertos.camara.leg.br/api/v2/proposicoes,2026-05-18T09:06:37.310287+00:00,false
2571548,https://dadosabertos.camara.leg.br/api/v2/proposicoes/2571548,PL,139,5149,2025,"Institui a Política Nacional de Prevenção e Enfrentamento ao Crime Cibernético, estabelece diretrizes para a integração de dados e ações entre União, Estados, Distrito Federal e Municípios, cria o Cadastro Nacional de Crimes Cibernéticos, incentiva a capacitação e inovação tecnológica das forças de segurança e dispõe sobre cooperação internacional em cibersegurança.",2025-10-14T19:07,https://dadosabertos.camara.leg.br/api/v2/proposicoes/2571548/autores,https://www.camara.leg.br/proposicoesWeb/prop_mostrarintegra?codteor=3021688,Marcos Tavares,,,Marcos Tavares,2026-04-30T14:32,Notificacao para Publicação Intermediária,CSPCCO,monitorar,baixo,medio,fomento_pesquisa_inovacao,inovacao tecnologica;inovação tecnológica,camara_proposicoes,Câmara dos Deputados - Dados Abertos,https://dadosabertos.camara.leg.br/api/v2/proposicoes,2026-05-18T09:06:37.310287+00:00,false
2571561,https://dadosabertos.camara.leg.br/api/v2/proposicoes/2571561,PL,139,5153,2025,"Institui a Política Nacional de Valorização e Inovação no Serviço Público, cria mecanismos de promoção do bem-estar, reconhecimento por mérito e resultados, inovação tecnológica e responsabilidade social no âmbito da Administração Pública direta e indireta, em todas as esferas da Federação.",2025-10-14T19:17,https://dadosabertos.camara.leg.br/api/v2/proposicoes/2571561/autores,https://www.camara.leg.br/proposicoesWeb/prop_mostrarintegra?codteor=3021703,Marcos Tavares,,,Marcos Tavares,2025-10-14T19:17,Apresentação de Proposição,MESA,monitorar,baixo,alto,risco_regulatorio,inovacao tecnologica;inovação tecnológica,camara_proposicoes,Câmara dos Deputados - Dados Abertos,https://dadosabertos.camara.leg.br/api/v2/proposicoes,2026-05-18T09:06:37.310287+00:00,false
2571604,https://dadosabertos.camara.leg.br/api/v2/proposicoes/2571604,PL,139,5162,2025,"Institui a Política Nacional de Incentivo à Logística Reversa e à Economia Circular, com o objetivo de promover a conscientização, a educação ambiental, a inovação tecnológica e a gestão sustentável de resíduos sólidos, em conformidade com a Lei nº 12.305/2010 (Política Nacional de Resíduos Sólidos), e dá outras providências.",2025-10-14T19:54,https://dadosabertos.camara.leg.br/api/v2/proposicoes/2571604/autores,https://www.camara.leg.br/proposicoesWeb/prop_mostrarintegra?codteor=3021759,Marcos Tavares,,,Marcos Tavares,2026-04-15T09:28,Apensação,CICS,monitorar,baixo,medio,fomento_pesquisa_inovacao,inovacao tecnologica;inovação tecnológica,camara_proposicoes,Câmara dos Deputados - Dados Abertos,https://dadosabertos.camara.leg.br/api/v2/proposicoes,2026-05-18T09:06:37.310287+00:00,false
2571607,https://dadosabertos.camara.leg.br/api/v2/proposicoes/2571607,PL,139,5165,2025,"Dispõe sobre a valorização, o desenvolvimento e a modernização da carreira odontológica no Brasil, estabelece diretrizes para a remuneração digna, fixação regional, inovação tecnológica e melhoria das condições de trabalho no setor público e privado, e dá outras providências.",2025-10-14T19:57,https://dadosabertos.camara.leg.br/api/v2/proposicoes/2571607/autores,https://www.camara.leg.br/proposicoesWeb/prop_mostrarintegra?codteor=3021762,Marcos Tavares,,,Marcos Tavares,2026-05-18T00:00,Abertura de Prazo,CSAUDE,monitorar,baixo,medio,fomento_pesquisa_inovacao,inovacao tecnologica;inovação tecnológica,camara_proposicoes,Câmara dos Deputados - Dados Abertos,https://dadosabertos.camara.leg.br/api/v2/proposicoes,2026-05-18T09:06:37.310287+00:00,false
2572661,https://dadosabertos.camara.leg.br/api/v2/proposicoes/2572661,PL,139,5226,2025,"Altera a Lei nº 13.709, de 14 de agosto de 2018 - Lei Geral de Proteção de Dados Pessoais (LGPD), para vedar a comercialização e o compartilhamento indevido de dados sensíveis, disciplinar o uso de biometria e o acesso a dados pessoais em processos judiciais, e dá outras providências.",2025-10-15T19:07,https://dadosabertos.camara.leg.br/api/v2/proposicoes/2572661/autores,https://www.camara.leg.br/proposicoesWeb/prop_mostrarintegra?codteor=3023293,Pastor Henrique Vieira,,,Pastor Henrique Vieira,2025-11-24T17:33,Recebimento,CCJC,monitorar,baixo,alto,risco_regulatorio,dados pessoais,camara_proposicoes,Câmara dos Deputados - Dados Abertos,https://dadosabertos.camara.leg.br/api/v2/proposicoes,2026-05-18T09:06:37.310287+00:00,false
2573904,https://dadosabertos.camara.leg.br/api/v2/proposicoes/2573904,PL,139,5315,2025,"Altera o Decreto-Lei nº 2.848, de 7 de dezembro de 1940 (Código Penal), e as Leis nºs 8.072, de 25 de julho de 1990 (Lei dos Crimes Hediondos), 12.694, de 24 de julho de 2012, e 13.709, de 14 de agosto de 2018 (Lei Geral de Proteção de Dados Pessoais), para reconhecer como atividade de risco permanente as atribuições inerentes a assistentes sociais judiciais, comissários da infância e da juventude, psicólogos judiciais, pedagogos judiciais, agentes de segurança judicial e polícia judicial, garantindo aos seus membros medidas de proteção.",2025-10-21T15:42,https://dadosabertos.camara.leg.br/api/v2/proposicoes/2573904/autores,https://www.camara.leg.br/proposicoesWeb/prop_mostrarintegra?codteor=3025775,Alice Portugal,,,Alice Portugal,2025-11-24T17:40,Recebimento,CCJC,monitorar,baixo,alto,risco_regulatorio,dados pessoais,camara_proposicoes,Câmara dos Deputados - Dados Abertos,https://dadosabertos.camara.leg.br/api/v2/proposicoes,2026-05-18T09:06:37.310287+00:00,false
2574067,https://dadosabertos.camara.leg.br/api/v2/proposicoes/2574067,PL,139,5324,2025,"Altera o Marco Civil da Internet - Lei nº 12.965, de 23 de abril de 2014, para obrigar a identificação de conteúdo gerado por inteligência artificial.",2025-10-21T17:58,https://dadosabertos.camara.leg.br/api/v2/proposicoes/2574067/autores,https://www.camara.leg.br/proposicoesWeb/prop_mostrarintegra?codteor=3026018,Dimas Gadelha,,,Dimas Gadelha,2026-04-06T14:33,Apensação,PL233823,monitorar,baixo,baixo,monitoramento,inteligencia artificial;inteligência artificial,camara_proposicoes,Câmara dos Deputados - Dados Abertos,https://dadosabertos.camara.leg.br/api/v2/proposicoes,2026-05-18T09:06:37.310287+00:00,false
2577251,https://dadosabertos.camara.leg.br/api/v2/proposicoes/2577251,PL,139,5433,2025,"Estabelece diretrizes nacionais para o uso de sistemas de inteligência artificial na área da saúde, com vistas à segurança do paciente, à qualidade assistencial, à transparência, à responsabilização e à proteção de dados pessoais.",2025-10-28T08:59,https://dadosabertos.camara.leg.br/api/v2/proposicoes/2577251/autores,https://www.camara.leg.br/proposicoesWeb/prop_mostrarintegra?codteor=3031315,Antonio Carlos Rodrigues,,,Antonio Carlos Rodrigues,2026-04-08T19:16,Apresentação de Requerimento,PLEN,monitorar,baixo,alto,risco_regulatorio,inteligencia artificial;inteligência artificial;dados pessoais,camara_proposicoes,Câmara dos Deputados - Dados Abertos,https://dadosabertos.camara.leg.br/api/v2/proposicoes,2026-05-18T09:06:37.310287+00:00,false
2577795,https://dadosabertos.camara.leg.br/api/v2/proposicoes/2577795,PL,139,5441,2025,"Institui a Lei de Equidade Digital e Transparência Algorítmica nas Relações de Consumo, para PROIBIR a discriminação individualizada de preços por perfil, disciplinar o uso de bots e algoritmos, assegurar transparência e auditoria, e alterar a Lei nº 8.078/1990 (CDC), a Lei nº 12.965/2014 (Marco Civil da Internet) e a Lei nº 12.529/2011 (Defesa da Concorrência).",2025-10-28T13:34,https://dadosabertos.camara.leg.br/api/v2/proposicoes/2577795/autores,https://www.camara.leg.br/proposicoesWeb/prop_mostrarintegra?codteor=3032011,João Daniel,,,João Daniel,2026-04-07T00:00,Notificações,CCTI,monitorar,baixo,alto,risco_regulatorio,algoritmo;dados pessoais,camara_proposicoes,Câmara dos Deputados - Dados Abertos,https://dadosabertos.camara.leg.br/api/v2/proposicoes,2026-05-18T09:06:37.310287+00:00,false
2579218,https://dadosabertos.camara.leg.br/api/v2/proposicoes/2579218,PL,139,5548,2025,"Altera a Lei nº 13.709, de 14 de agosto de 2018 (Lei Geral de Dados Pessoais – LGPD), disciplinando o tratamento de dados preditivos de saúde por sistemas de inteligência artificial e congêneres.",2025-10-30T13:25,https://dadosabertos.camara.leg.br/api/v2/proposicoes/2579218/autores,https://www.camara.leg.br/proposicoesWeb/prop_mostrarintegra?codteor=3035106,Wellington Roberto,,,Wellington Roberto,2026-02-25T09:30,Aprovação de Requerimento,CSAUDE,monitorar,baixo,alto,risco_regulatorio,inteligencia artificial;inteligência artificial;algoritmo;dados pessoais,camara_proposicoes,Câmara dos Deputados - Dados Abertos,https://dadosabertos.camara.leg.br/api/v2/proposicoes,2026-05-18T09:06:37.310287+00:00,false
2581638,https://dadosabertos.camara.leg.br/api/v2/proposicoes/2581638,PL,139,5667,2025,"Institui o Cadastro Nacional de Condenados por Crimes de Estupro e o Cadastro Nacional de Condenados por Violência Doméstica e Familiar contra a Mulher, estabelece critérios de publicidade, sigilo e proteção de dados pessoais, e dá outras providências.",2025-11-04T22:53,https://dadosabertos.camara.leg.br/api/v2/proposicoes/2581638/autores,https://www.camara.leg.br/proposicoesWeb/prop_mostrarintegra?codteor=3039663,Marcos Tavares,,,Marcos Tavares,2026-02-02T00:00,Publicação de Proposição,CCP,monitorar,baixo,alto,risco_regulatorio,dados pessoais,camara_proposicoes,Câmara dos Deputados - Dados Abertos,https://dadosabertos.camara.leg.br/api/v2/proposicoes,2026-05-18T09:06:37.310287+00:00,false
2583182,https://dadosabertos.camara.leg.br/api/v2/proposicoes/2583182,PL,139,5760,2025,"Altera a Lei nº 13.709, de 14 de agosto de 2018 (Lei Geral de Proteção de Dados Pessoais), e dá outras providências, para permitir a divulgação de imagens de pessoas capturadas em flagrante delito, em hipóteses de interesse público e para fins de segurança e prevenção criminal.",2025-11-10T11:25,https://dadosabertos.camara.leg.br/api/v2/proposicoes/2583182/autores,https://www.camara.leg.br/proposicoesWeb/prop_mostrarintegra?codteor=3042995,Delegado Caveira,,,Delegado Caveira,2026-03-17T00:00,Desapensação,MESA,monitorar,baixo,alto,risco_regulatorio,dados pessoais,camara_proposicoes,Câmara dos Deputados - Dados Abertos,https://dadosabertos.camara.leg.br/api/v2/proposicoes,2026-05-18T09:06:37.310287+00:00,false
2583757,https://dadosabertos.camara.leg.br/api/v2/proposicoes/2583757,PL,139,5789,2025,"Institui a Política Nacional de Enfrentamento Integrado ao HIV e à Aids (PNEI-HIV), com foco em prevenção combinada, diagnóstico precoce, inovação tecnológica, combate à discriminação e ampliação do acesso a tratamentos e estratégias de imunização, e dá outras providências.",2025-11-11T15:52,https://dadosabertos.camara.leg.br/api/v2/proposicoes/2583757/autores,https://www.camara.leg.br/proposicoesWeb/prop_mostrarintegra?codteor=3044127,Ricardo Abrão,,,Ricardo Abrão,2026-04-22T22:53,Encerramento de Prazo,CSAUDE,monitorar,baixo,medio,fomento_pesquisa_inovacao,inovacao tecnologica;inovação tecnológica,camara_proposicoes,Câmara dos Deputados - Dados Abertos,https://dadosabertos.camara.leg.br/api/v2/proposicoes,2026-05-18T09:06:37.310287+00:00,false
2583785,https://dadosabertos.camara.leg.br/api/v2/proposicoes/2583785,PL,139,5792,2025,"Institui a Lei Nacional de Observatórios de Transparência em Licitações com Inteligência Artificial (IA), para auditoria automatizada e contínua de editais, contratos e processos licitatórios no âmbito da administração pública direta e indireta, e dá outras providências.",2025-11-11T16:31,https://dadosabertos.camara.leg.br/api/v2/proposicoes/2583785/autores,https://www.camara.leg.br/proposicoesWeb/prop_mostrarintegra?codteor=3044180,Marcos Tavares,,,Marcos Tavares,2026-03-24T19:28,Encerramento de Prazo,CCTI,monitorar,baixo,baixo,monitoramento,inteligencia artificial;inteligência artificial,camara_proposicoes,Câmara dos Deputados - Dados Abertos,https://dadosabertos.camara.leg.br/api/v2/proposicoes,2026-05-18T09:06:37.310287+00:00,false
2583841,https://dadosabertos.camara.leg.br/api/v2/proposicoes/2583841,PL,139,5797,2025,"Institui a Lei Nacional de Micro-Mobilidade Eletrônica e Infraestrutura Compartilhada, estabelecendo diretrizes, princípios e normas gerais para o uso, integração e regulação de veículos leves elétricos e autônomos de micromobilidade em todo o território nacional, promovendo a interoperabilidade entre o transporte público e sistemas compartilhados, a segurança viária, a sustentabilidade ambiental e o estímulo à inovação tecnológica, e dá outras providências.",2025-11-11T17:18,https://dadosabertos.camara.leg.br/api/v2/proposicoes/2583841/autores,https://www.camara.leg.br/proposicoesWeb/prop_mostrarintegra?codteor=3044281,Marcos Tavares,,,Marcos Tavares,2026-04-08T21:11,Encerramento de Prazo,CVT,monitorar,baixo,medio,fomento_pesquisa_inovacao,inovacao tecnologica;inovação tecnológica,camara_proposicoes,Câmara dos Deputados - Dados Abertos,https://dadosabertos.camara.leg.br/api/v2/proposicoes,2026-05-18T09:06:37.310287+00:00,false
2583896,https://dadosabertos.camara.leg.br/api/v2/proposicoes/2583896,PL,139,5800,2025,"Institui a Lei Nacional de Triagem Preventiva Obrigatória com Inteligência Artificial (IA) no Sistema Único de Saúde (SUS), com o objetivo de integrar sistemas automatizados de análise de exames laboratoriais e de imagem ao e-SUS, visando à detecção precoce de câncer, diabetes e doenças cardiovasculares, e dá outras providências.",2025-11-11T17:58,https://dadosabertos.camara.leg.br/api/v2/proposicoes/2583896/autores,https://www.camara.leg.br/proposicoesWeb/prop_mostrarintegra?codteor=3044380,Marcos Tavares,,,Marcos Tavares,2026-03-27T14:10,Apensação,CSAUDE,monitorar,baixo,baixo,monitoramento,inteligencia artificial;inteligência artificial,camara_proposicoes,Câmara dos Deputados - Dados Abertos,https://dadosabertos.camara.leg.br/api/v2/proposicoes,2026-05-18T09:06:37.310287+00:00,false
2583898,https://dadosabertos.camara.leg.br/api/v2/proposicoes/2583898,PL,139,5801,2025,"Institui a Lei da Plataforma Nacional de Economia Circular e Resíduos Zero, que estabelece uma rede federal integrada para rastreamento digital do ciclo de vida de bens de consumo duráveis, incentivo à reutilização, refabricação e reciclagem no território nacional, criação de algoritmos públicos para mensuração da pegada de resíduos e definição de metas progressivas de resíduos evitados, com o objetivo de promover o desenvolvimento sustentável, a inovação industrial verde e a transição para uma economia de baixo carbono, e dá outras providências.",2025-11-11T17:58,https://dadosabertos.camara.leg.br/api/v2/proposicoes/2583898/autores,https://www.camara.leg.br/proposicoesWeb/prop_mostrarintegra?codteor=3044383,Marcos Tavares,,,Marcos Tavares,2026-04-15T09:15,Apensação,CICS,monitorar,baixo,medio,fomento_pesquisa_inovacao,algoritmo,camara_proposicoes,Câmara dos Deputados - Dados Abertos,https://dadosabertos.camara.leg.br/api/v2/proposicoes,2026-05-18T09:06:37.310287+00:00,false
2584878,https://dadosabertos.camara.leg.br/api/v2/proposicoes/2584878,PL,139,5850,2025,"Altera a Lei nº 13.709, de 14 de agosto de 2018 (Lei Geral de Proteção de Dados Pessoais), para instituir o direito à divulgação de imagens e áudios de pessoas flagradas na prática de crimes, com finalidade de promover a segurança pública e a proteção coletiva.",2025-11-13T14:57,https://dadosabertos.camara.leg.br/api/v2/proposicoes/2584878/autores,https://www.camara.leg.br/proposicoesWeb/prop_mostrarintegra?codteor=3046227,André Fernandes,,,André Fernandes,2026-03-17T00:00,Desapensação,MESA,monitorar,baixo,alto,risco_regulatorio,dados pessoais,camara_proposicoes,Câmara dos Deputados - Dados Abertos,https://dadosabertos.camara.leg.br/api/v2/proposicoes,2026-05-18T09:06:37.310287+00:00,false
2586622,https://dadosabertos.camara.leg.br/api/v2/proposicoes/2586622,PL,139,5910,2025,"Dispoe sobre o direito dos advogados e advogadas de realizar gravacao propria de audiencias, sessoes, diligencias, abordagens policiais e demais atos processuais perante o Poder Judiciario, o Ministerio Publico, a Policia Judiciaria, a Policia Militar, a administracao publica ou quaisquer autoridades federais, estaduais ou municipais, inclusive junto a orgaos de persecucao penal e independentemente de autorizacao previa; estabelece parametros de transparencia, responsabilidade e protecao de dados pessoais; define vedacoes e sancoes; harmoniza o exercicio profissional com a boa-fe processual; e da outras providencias.",2025-11-19T08:47,https://dadosabertos.camara.leg.br/api/v2/proposicoes/2586622/autores,https://www.camara.leg.br/proposicoesWeb/prop_mostrarintegra?codteor=3049615,Marcos Tavares,,,Marcos Tavares,2026-03-16T13:58,Notificação de Apensação,CCJC,monitorar,baixo,alto,risco_regulatorio,dados pessoais,camara_proposicoes,Câmara dos Deputados - Dados Abertos,https://dadosabertos.camara.leg.br/api/v2/proposicoes,2026-05-18T09:06:37.310287+00:00,false
2589146,https://dadosabertos.camara.leg.br/api/v2/proposicoes/2589146,PL,139,5997,2025,"Cria o tipo penal específico de roubo de aparelho de telefonia móvel, considerando sua natureza de central de dados pessoais sensíveis, e estabelece pena mínima de 8 (oito) anos de reclusão. Altera o Decreto-Lei nº 2.848, de 7 de dezembro de 1940 – Código Penal.",2025-11-26T19:43,https://dadosabertos.camara.leg.br/api/v2/proposicoes/2589146/autores,https://www.camara.leg.br/proposicoesWeb/prop_mostrarintegra?codteor=3054078,Pr. Marco Feliciano,,,Pr. Marco Feliciano,2026-02-13T11:51,Recebimento,CCJC,monitorar,baixo,alto,risco_regulatorio,dados pessoais,camara_proposicoes,Câmara dos Deputados - Dados Abertos,https://dadosabertos.camara.leg.br/api/v2/proposicoes,2026-05-18T09:06:37.310287+00:00,false
2589148,https://dadosabertos.camara.leg.br/api/v2/proposicoes/2589148,PL,139,5999,2025,"Cria o tipo penal específico de roubo de aparelho de telefonia móvel, considerando sua natureza de central de dados pessoais sensíveis, e estabelece pena mínima de 8 (oito) anos de reclusão. Altera o Decreto-Lei nº 2.848, de 7 de dezembro de 1940 – Código Penal.",2025-11-26T19:48,https://dadosabertos.camara.leg.br/api/v2/proposicoes/2589148/autores,https://www.camara.leg.br/proposicoesWeb/prop_mostrarintegra?codteor=3054083,Pr. Marco Feliciano,,,Pr. Marco Feliciano,2025-12-04T00:00,Publicação de Proposição,CCP,monitorar,baixo,alto,risco_regulatorio,dados pessoais,camara_proposicoes,Câmara dos Deputados - Dados Abertos,https://dadosabertos.camara.leg.br/api/v2/proposicoes,2026-05-18T09:06:37.310287+00:00,false
2589443,https://dadosabertos.camara.leg.br/api/v2/proposicoes/2589443,PL,139,6036,2025,"Estabelece normas gerais para identificação obrigatória de conteúdos produzidos total ou parcialmente por sistemas de Inteligência Artificial, cria o Selo Nacional de Conteúdo Sintético, dispõe sobre deveres de transparência das plataformas digitais, define mecanismos de detecção automática, obriga declaração de uso de IA por usuários, estabelece responsabilidades e penalidades, assegura proteção ao consumidor e ao processo democrático, altera a Lei nº 12.965, de 23 de abril de 2014 (Marco Civil da Internet), e a Lei nº 13.709, de 14 de agosto de 2018 (Lei Geral de Proteção de Dados), e dá outras providências.",2025-11-28T16:33,https://dadosabertos.camara.leg.br/api/v2/proposicoes/2589443/autores,https://www.camara.leg.br/proposicoesWeb/prop_mostrarintegra?codteor=3054879,Ricardo Abrão,,,Ricardo Abrão,2026-04-06T14:31,Apensação,PL233823,monitorar,baixo,alto,risco_regulatorio,inteligencia artificial;inteligência artificial;dados pessoais,camara_proposicoes,Câmara dos Deputados - Dados Abertos,https://dadosabertos.camara.leg.br/api/v2/proposicoes,2026-05-18T09:06:37.310287+00:00,false
2591093,https://dadosabertos.camara.leg.br/api/v2/proposicoes/2591093,PL,139,6102,2025,"Dispõe sobre a obrigatoriedade de identificação, por meio de marca d’água ou sinalização inequívoca, em imagens, vídeos e conteúdos audiovisuais produzidos ou alterados por sistemas de inteligência artificial, e dá outras providências",2025-12-02T19:27,https://dadosabertos.camara.leg.br/api/v2/proposicoes/2591093/autores,https://www.camara.leg.br/proposicoesWeb/prop_mostrarintegra?codteor=3057194,Fred Linhares,,,Fred Linhares,2026-04-06T14:32,Apensação,PL233823,monitorar,baixo,baixo,monitoramento,inteligencia artificial;inteligência artificial,camara_proposicoes,Câmara dos Deputados - Dados Abertos,https://dadosabertos.camara.leg.br/api/v2/proposicoes,2026-05-18T09:06:37.310287+00:00,false
2592508,https://dadosabertos.camara.leg.br/api/v2/proposicoes/2592508,PL,139,6172,2025,"Dispõe sobre tutela dos autores de obras artísticas, científicas e literárias criadas a partir de sistemas de inteligência artificial e estabelece critérios para a produção e divulgação de conteúdos sintéticos.",2025-12-03T22:00,https://dadosabertos.camara.leg.br/api/v2/proposicoes/2592508/autores,https://www.camara.leg.br/proposicoesWeb/prop_mostrarintegra?codteor=3059720,Zé Neto,,,Zé Neto,2026-04-06T14:31,Apensação,PL233823,monitorar,baixo,baixo,monitoramento,inteligencia artificial;inteligência artificial,camara_proposicoes,Câmara dos Deputados - Dados Abertos,https://dadosabertos.camara.leg.br/api/v2/proposicoes,2026-05-18T09:06:37.310287+00:00,false
2593650,https://dadosabertos.camara.leg.br/api/v2/proposicoes/2593650,PL,139,6209,2025,"Institui o Programa Nacional de Fomento a Startups de Bioeconomia, Sustentabilidade e Inovação Tecnológica na Amazônia, e dá outras providências.",2025-12-08T16:17,https://dadosabertos.camara.leg.br/api/v2/proposicoes/2593650/autores,https://www.camara.leg.br/proposicoesWeb/prop_mostrarintegra?codteor=3062452,Amom Mandel,,,Amom Mandel,2026-04-15T21:55,Encerramento de Prazo,CPOVOS,monitorar,baixo,medio,fomento_pesquisa_inovacao,inovacao tecnologica;inovação tecnológica,camara_proposicoes,Câmara dos Deputados - Dados Abertos,https://dadosabertos.camara.leg.br/api/v2/proposicoes,2026-05-18T09:06:37.310287+00:00,false
2594000,https://dadosabertos.camara.leg.br/api/v2/proposicoes/2594000,PL,139,6237,2025,"Institui o Sistema Nacional para Desenvolvimento, Regulação e Governança de Inteligência Artificial.",2025-12-08T20:06,https://dadosabertos.camara.leg.br/api/v2/proposicoes/2594000/autores,https://www.camara.leg.br/proposicoesWeb/prop_mostrarintegra?codteor=3063060,Poder Executivo,,,Poder Executivo,2026-04-06T14:29,Apensação,PL233823,monitorar,baixo,medio,fomento_pesquisa_inovacao,inteligencia artificial;inteligência artificial,camara_proposicoes,Câmara dos Deputados - Dados Abertos,https://dadosabertos.camara.leg.br/api/v2/proposicoes,2026-05-18T09:06:37.310287+00:00,false
2594273,https://dadosabertos.camara.leg.br/api/v2/proposicoes/2594273,PL,139,6248,2025,"Dispõe sobre a utilização de sistemas de inteligência artificial nas atividades de análise de inteligência policial, estabelecendo princípios éticos, definições técnicas, limites de uso, diretrizes para supervisão humana e autoriza o uso de IA na análise de comunicações legalmente interceptadas.",2025-12-09T14:38,https://dadosabertos.camara.leg.br/api/v2/proposicoes/2594273/autores,https://www.camara.leg.br/proposicoesWeb/prop_mostrarintegra?codteor=3063479,Coronel Chrisóstomo,,,Coronel Chrisóstomo,2026-03-18T20:08,Notificacao para Publicação Intermediária,CCTI,monitorar,baixo,baixo,monitoramento,inteligencia artificial;inteligência artificial,camara_proposicoes,Câmara dos Deputados - Dados Abertos,https://dadosabertos.camara.leg.br/api/v2/proposicoes,2026-05-18T09:06:37.310287+00:00,false
2594540,https://dadosabertos.camara.leg.br/api/v2/proposicoes/2594540,PL,139,6270,2025,"Dispõe sobre o aprimoramento das ações de fomento à escrita humana, ao pensamento crítico e à utilização ética da inteligência artificial no território nacional, e estabelece diretrizes para a educação, a pesquisa e a regulamentação tecnológica.",2025-12-09T19:36,https://dadosabertos.camara.leg.br/api/v2/proposicoes/2594540/autores,https://www.camara.leg.br/proposicoesWeb/prop_mostrarintegra?codteor=3063960,Amom Mandel,,,Amom Mandel,2026-04-06T14:30,Apensação,PL233823,monitorar,baixo,medio,fomento_pesquisa_inovacao,inteligencia artificial;inteligência artificial;pesquisa e desenvolvimento,camara_proposicoes,Câmara dos Deputados - Dados Abertos,https://dadosabertos.camara.leg.br/api/v2/proposicoes,2026-05-18T09:06:37.310287+00:00,false
2595639,https://dadosabertos.camara.leg.br/api/v2/proposicoes/2595639,PL,139,6326,2025,"Institui a Lei de Rotulagem de Conteúdo Sintético e de Transparência em Inteligência Artificial, dispondo sobre a obrigatoriedade de identificação de conteúdos gerados, manipulados ou alterados por sistemas de inteligência artificial, com vistas à proteção da informação, da democracia, do consumidor e dos direitos fundamentais no ambiente digital, e altera a Lei nº 12.965, de 23 de abril de 2014 (Marco Civil da Internet).",2025-12-10T16:51,https://dadosabertos.camara.leg.br/api/v2/proposicoes/2595639/autores,https://www.camara.leg.br/proposicoesWeb/prop_mostrarintegra?codteor=3065500,Marcos Tavares,,,Marcos Tavares,2026-04-06T14:33,Apensação,PL233823,monitorar,baixo,alto,risco_regulatorio,inteligencia artificial;inteligência artificial,camara_proposicoes,Câmara dos Deputados - Dados Abertos,https://dadosabertos.camara.leg.br/api/v2/proposicoes,2026-05-18T09:06:37.310287+00:00,false
2595747,https://dadosabertos.camara.leg.br/api/v2/proposicoes/2595747,PL,139,6336,2025,"Dispõe sobre a proteção jurídica do consumidor contra o uso de conteúdos sintéticos e deepfakes em comunicações comerciais, publicidade e fraudes, estabelece deveres de transparência e segurança para fornecedores e plataformas digitais, cria tipos penais e prioridade de persecução para crimes praticados com uso de inteligência artificial e dá outras providências.",2025-12-10T19:02,https://dadosabertos.camara.leg.br/api/v2/proposicoes/2595747/autores,https://www.camara.leg.br/proposicoesWeb/prop_mostrarintegra?codteor=3065734,Marcos Tavares,,,Marcos Tavares,2026-05-14T14:24,Notificação de Apensação,MESA,monitorar,baixo,baixo,monitoramento,inteligencia artificial;inteligência artificial,camara_proposicoes,Câmara dos Deputados - Dados Abertos,https://dadosabertos.camara.leg.br/api/v2/proposicoes,2026-05-18T09:06:37.310287+00:00,false
2597384,https://dadosabertos.camara.leg.br/api/v2/proposicoes/2597384,PL,139,6472,2025,"Estabelece normas de proteção aos direitos dos consumidores e usuários de serviços de comunicação eletrônica contra práticas abusivas de cobrança automatizada, incluindo chamadas repetitivas, contatos fora dos horários permitidos, falsas representações, uso indevido de voz sintética (deepvoice), spoofing e outras formas de constrangimento digital, impõe obrigações de transparência, consentimento e mecanismos efetivos de recusa de contato, institui regime sancionatório administrativo e civil para infratores, cria mecanismos de indenização direta por abuso e determina diretrizes de governança de dados pessoais aplicáveis, garantindo a compatibilidade com a Lei Geral de Proteção de Dados Pessoais – LGPD (Lei nº 13.709/2018) e demais normas consumeristas e de telecomunicações.",2025-12-16T17:42,https://dadosabertos.camara.leg.br/api/v2/proposicoes/2597384/autores,https://www.camara.leg.br/proposicoesWeb/prop_mostrarintegra?codteor=3068901,Marcos Tavares,,,Marcos Tavares,2026-04-23T13:07,Designação de Relator(a),CDC,em_tramitacao,medio,alto,risco_regulatorio,inteligencia artificial;inteligência artificial;dados pessoais;governanca de dados;governança de dados,camara_proposicoes,Câmara dos Deputados - Dados Abertos,https://dadosabertos.camara.leg.br/api/v2/proposicoes,2026-05-18T09:06:37.310287+00:00,false
2597476,https://dadosabertos.camara.leg.br/api/v2/proposicoes/2597476,PL,139,6479,2025,"Dispõe sobre a proteção da identidade pessoal digital frente a tecnologias de inteligência artificial e representações sintéticas de identidade, estabelece direitos da personalidade e regras para a utilização econômica de atributos corporais e expressivos, disciplina deveres de plataformas digitais, e dá outras providências.",2025-12-16T20:27,https://dadosabertos.camara.leg.br/api/v2/proposicoes/2597476/autores,https://www.camara.leg.br/proposicoesWeb/prop_mostrarintegra?codteor=3069092,Jorge Solla,,,Jorge Solla,2026-04-07T10:34,Apensação,PL233823,monitorar,baixo,alto,risco_regulatorio,inteligencia artificial;inteligência artificial;dados pessoais,camara_proposicoes,Câmara dos Deputados - Dados Abertos,https://dadosabertos.camara.leg.br/api/v2/proposicoes,2026-05-18T09:06:37.310287+00:00,false
2598469,https://dadosabertos.camara.leg.br/api/v2/proposicoes/2598469,PL,139,6535,2025,"Dispões sobre a consolidação do Sistema Nacional de Informações sobre o Transtorno do Espectro Autista, estabelece normas gerais para a Carteira de Identificação da Pessoa com Transtornos Espectro Autista (CIPTEA), define diretrizes de governança, proteção de dados pessoais e articulação federativa, e dá outras providências.",2025-12-18T10:30,https://dadosabertos.camara.leg.br/api/v2/proposicoes/2598469/autores,https://www.camara.leg.br/proposicoesWeb/prop_mostrarintegra?codteor=3070532,Lucas Abrahao,,,Lucas Abrahao,2026-04-29T12:22,Apensação,PL308020,monitorar,baixo,alto,risco_regulatorio,dados pessoais,camara_proposicoes,Câmara dos Deputados - Dados Abertos,https://dadosabertos.camara.leg.br/api/v2/proposicoes,2026-05-18T09:06:37.310287+00:00,false
2576168,https://dadosabertos.camara.leg.br/api/v2/proposicoes/2576168,PEC,136,38,2025,"Altera normas sobre a Administração Pública brasileira para aperfeiçoar a governança e a gestão pública, promover a transformação digital, impulsionar a profissionalização e extinguir privilégios no serviço público.",2025-10-24T18:12,https://dadosabertos.camara.leg.br/api/v2/proposicoes/2576168/autores,https://www.camara.leg.br/proposicoesWeb/prop_mostrarintegra?codteor=3029805,Adail Filho,,,Adail Filho; Adilson Barroso; Adolfo Viana; Adriana Ventura; Aécio Neves; Alceu Moreira; Alex Manente; Alexandre Guimarães; Allan Garcês; Altineu Côrtes; Aluisio Mendes; Amaro Neto; Ana Paula Leão; André Fernandes; Antônia Lúcia; Any Ortiz; Arthur Lira; Arthur Oliveira Maia; Átila Lins; Átila Lira; Aureo Ribeiro; Bebeto; Beto Richa; Bibo Nunes; Bruno Ganem; Cabo Gilberto Silva; Caio Vianna; Capitão Alberto Neto; Carlos Jordy; Célio Silveira; Charles Fernandes; Clarissa Tércio; Cobalchini; Coronel Assis; Coronel Chrisóstomo; Coronel Fernanda; Damião Feliciano; Daniel Freitas; Daniel Trzeciak; Danrlei de Deus Hinterholz; David Soares; Delegado Caveira; Delegado da Cunha; Delegado Ramagem; Diego Coronel; Diego Garcia; Dilceu Sperafico; Doutor Luizinho; Dr. Frederico; Dr. Luiz Ovando; Dr. Victor Linhalis; Duda Ramos; Elmar Nascimento; Ely Santos; Emidinho Madeira; Evair Vieira de Melo; Fabio Schiochet; Fábio Teruel; Fatima Pelaes; Fausto Jr.; Felipe Carreras; Franciane Bayer; General Girão; Geraldo Mendes; Geraldo Resende; Gilberto Abramo; Gilson Marques; Gustavo Gayer; Helena Lima; Henderson Pinto; Hercílio Coelho Diniz; Hugo Leal; Igor Timo; Ismael; Isnaldo Bulhões Jr.; Jeferson Rodrigues; João Cury; João Leão; João Maia; Joaquim Passarinho; Jorge Braz; Jorge Goetten; José Rocha; Josivaldo Jp; Julia Zanatta; Julio Arcoverde; Julio Lopes; Junio Amaral; Kim Kataguiri; Laura Carneiro; Luciano Amaral; Luciano Vieira; Lucio Mosquini; Luis Carlos Gomes; Luisa Canziani; Luiz Antonio Corrêa; Luiz Fernando Vampiro; Luiz Gastão; Luiz Lima; Luiz Philippe de Orleans e Bragança; Marangoni; Marcel van Hattem; Marcelo Crivella; Márcio Biolchi; Márcio Marinho; Marcos Soares; Mario Frias; Marussa Boldrin; Marx Beltrão; Mauricio do Vôlei; Mauricio Marcon; Mersinho Lucena; Murilo Galdino; Nelson Barbudo; Nely Aquino; Newton Cardoso Jr; Olival Marques; Osmar Terra; Ossesio Silva; Otoni de Paula; Otto Alencar Filho; Padovani; Pastor Claudio Mariano; Pastor Diniz; Pastor Gil; Pauderney Avelino; Paulinho da Força; Paulo Abi-Ackel; Paulo Azi; Pedro Lucas Fernandes; Pedro Lupion; Pedro Westphalen; Pezenti; Pr. Marco Feliciano; Rafael Prudente; Rafael Simoes; Raimundo Costa; Reinhold Stephanes; Renilce Nicodemos; Ribamar Silva; Ricardo Abrão; Ricardo Guidi; Ricardo Salles; Roberto Monteiro Pai; Rodrigo Estacho; Rodrigo Gambale; Rodrigo Valadares; Rogéria Santos; Sanderson; Sargento Fahur; Saulo Pedroso; Sergio Souza; Sidney Leite; Silvye Alves; Soraya Santos; Sóstenes Cavalcante; Stefano Aguiar; Thiago de Joaldo; Thiago Flores; Tião Medeiros; Toninho Wandscheer; Vermelho; Vitor Lippi; Wellington Roberto; Yandra Moura; Yury do Paredão; Zé Adriano; Zé Haroldo Cathedral; Zé Trovão; Zezinho Barbary; Zucco,2026-02-04T13:15,Apresentação de Requerimento,PLEN,monitorar,baixo,baixo,monitoramento,transformacao digital;transformação digital,camara_proposicoes,Câmara dos Deputados - Dados Abertos,https://dadosabertos.camara.leg.br/api/v2/proposicoes,2026-05-18T09:06:37.310287+00:00,false
2598988,https://dadosabertos.camara.leg.br/api/v2/proposicoes/2598988,PL,139,6621,2025,"Institui o Sistema Nacional de Inteligência Pública (SNIP), destinado ao uso ético e integrado de tecnologias de inteligência artificial na formulação, execução e avaliação de políticas públicas, e dá outras providências.",2025-12-22T10:25,https://dadosabertos.camara.leg.br/api/v2/proposicoes/2598988/autores,https://www.camara.leg.br/proposicoesWeb/prop_mostrarintegra?codteor=3071616,Mersinho Lucena,,,Mersinho Lucena,2026-04-07T20:30,Encerramento de Prazo,CCTI,monitorar,baixo,baixo,monitoramento,inteligencia artificial;inteligência artificial;algoritmo,camara_proposicoes,Câmara dos Deputados - Dados Abertos,https://dadosabertos.camara.leg.br/api/v2/proposicoes,2026-05-18T09:06:37.310287+00:00,false
2599040,https://dadosabertos.camara.leg.br/api/v2/proposicoes/2599040,PL,139,6663,2025,"Cria o Selo Empresa Transparente em Inteligência Artificial, certificando organizações que adotem práticas claras, éticas e auditáveis no uso de algoritmos.",2025-12-22T14:35,https://dadosabertos.camara.leg.br/api/v2/proposicoes/2599040/autores,https://www.camara.leg.br/proposicoesWeb/prop_mostrarintegra?codteor=3071689,Amom Mandel,,,Amom Mandel,2026-05-08T09:01,Encerramento de Prazo,CICS,monitorar,baixo,medio,fomento_pesquisa_inovacao,inteligencia artificial;inteligência artificial;algoritmo,camara_proposicoes,Câmara dos Deputados - Dados Abertos,https://dadosabertos.camara.leg.br/api/v2/proposicoes,2026-05-18T09:06:37.310287+00:00,false
2599280,https://dadosabertos.camara.leg.br/api/v2/proposicoes/2599280,PL,139,6687,2025,"Altera a Lei nº 13.709/2018 para incluir os dados neurais no rol de dados pessoais sensíveis, definir parâmetros técnicos para seu tratamento, estabelecer regras especiais para coleta, uso, armazenamento e descarte, vedar usos abusivos no trabalho e na educação, criar exceções médicas, científicas e de acessibilidade, atribuir competência regulatória à ANPD e dar outras providências.",2025-12-22T17:15,https://dadosabertos.camara.leg.br/api/v2/proposicoes/2599280/autores,https://www.camara.leg.br/proposicoesWeb/prop_mostrarintegra?codteor=3071952,Amom Mandel,,,Amom Mandel,2026-03-16T14:55,Apensação,CSAUDE,monitorar,baixo,alto,risco_regulatorio,dados pessoais,camara_proposicoes,Câmara dos Deputados - Dados Abertos,https://dadosabertos.camara.leg.br/api/v2/proposicoes,2026-05-18T09:06:37.310287+00:00,false
2599299,https://dadosabertos.camara.leg.br/api/v2/proposicoes/2599299,PL,139,6706,2025,"Altera a Lei nº 13.709, de 14 de agosto de 2018 (Lei Geral de Proteção de Dados Pessoais - LGPD), para dispor sobre a Auditoria Algorítmica Preventiva em sistemas de Inteligência Artificial que afetam decisões de alto impacto social.",2025-12-22T17:18,https://dadosabertos.camara.leg.br/api/v2/proposicoes/2599299/autores,https://www.camara.leg.br/proposicoesWeb/prop_mostrarintegra?codteor=3071971,Amom Mandel,,,Amom Mandel,2026-05-14T10:54,Encerramento de Prazo,CCTI,monitorar,baixo,alto,risco_regulatorio,inteligencia artificial;inteligência artificial;algoritmo;dados pessoais,camara_proposicoes,Câmara dos Deputados - Dados Abertos,https://dadosabertos.camara.leg.br/api/v2/proposicoes,2026-05-18T09:06:37.310287+00:00,false
2599300,https://dadosabertos.camara.leg.br/api/v2/proposicoes/2599300,PL,139,6707,2025,"Altera a Lei nº 8.078, de 11 de setembro de 1990 (Código de Defesa do Consumidor - CDC), para dispor sobre a responsabilidade civil por danos causados pelo comportamento autônomo de sistemas de Inteligência Artificial.",2025-12-22T17:18,https://dadosabertos.camara.leg.br/api/v2/proposicoes/2599300/autores,https://www.camara.leg.br/proposicoesWeb/prop_mostrarintegra?codteor=3071972,Amom Mandel,,,Amom Mandel,2026-04-23T13:09,Designação de Relator(a),CDC,em_tramitacao,medio,alto,risco_regulatorio,inteligencia artificial;inteligência artificial,camara_proposicoes,Câmara dos Deputados - Dados Abertos,https://dadosabertos.camara.leg.br/api/v2/proposicoes,2026-05-18T09:06:37.310287+00:00,false
2599301,https://dadosabertos.camara.leg.br/api/v2/proposicoes/2599301,PL,139,6708,2025,"Altera a Lei nº 9.394, de 20 de dezembro de 1996 (Lei de Diretrizes e Bases da Educação Nacional - LDB), para incluir o tema Inteligência Artificial, literacia digital e ética algorítmica como componente curricular transversal obrigatório.",2025-12-22T17:18,https://dadosabertos.camara.leg.br/api/v2/proposicoes/2599301/autores,https://www.camara.leg.br/proposicoesWeb/prop_mostrarintegra?codteor=3071973,Amom Mandel,,,Amom Mandel,2026-04-06T14:32,Apensação,PL233823,monitorar,baixo,baixo,monitoramento,inteligencia artificial;inteligência artificial,camara_proposicoes,Câmara dos Deputados - Dados Abertos,https://dadosabertos.camara.leg.br/api/v2/proposicoes,2026-05-18T09:06:37.310287+00:00,false
2599305,https://dadosabertos.camara.leg.br/api/v2/proposicoes/2599305,PL,139,6712,2025,"Estabelece a obrigatoriedade de identificação prévia de chamadas telefônicas automatizadas e de ligações realizadas por sistemas de inteligência artificial, e dá outras providências.",2025-12-22T17:43,https://dadosabertos.camara.leg.br/api/v2/proposicoes/2599305/autores,https://www.camara.leg.br/proposicoesWeb/prop_mostrarintegra?codteor=3072077,Amom Mandel,,,Amom Mandel,2026-03-18T12:01,Apensação,CCOM,monitorar,baixo,baixo,monitoramento,inteligencia artificial;inteligência artificial,camara_proposicoes,Câmara dos Deputados - Dados Abertos,https://dadosabertos.camara.leg.br/api/v2/proposicoes,2026-05-18T09:06:37.310287+00:00,false
2599575,https://dadosabertos.camara.leg.br/api/v2/proposicoes/2599575,PL,139,6971,2025,"Altera o Decreto-Lei nº 2.848, de 7 de dezembro de 1940 (Código Penal), para tipificar o crime de vazamento ou uso indevido de dados pessoais por agente público, e dá outras providências.",2025-12-22T20:23,https://dadosabertos.camara.leg.br/api/v2/proposicoes/2599575/autores,https://www.camara.leg.br/proposicoesWeb/prop_mostrarintegra?codteor=3072494,Duda Ramos,,,Duda Ramos,2026-03-02T21:16,Recebimento,CCJC,monitorar,baixo,alto,risco_regulatorio,dados pessoais,camara_proposicoes,Câmara dos Deputados - Dados Abertos,https://dadosabertos.camara.leg.br/api/v2/proposicoes,2026-05-18T09:06:37.310287+00:00,false
2599579,https://dadosabertos.camara.leg.br/api/v2/proposicoes/2599579,PL,139,6975,2025,Estabelece diretrizes para o tratamento de dados pessoais em plataformas tecnológicas de ensino à distância e dá outras providências.,2025-12-22T20:23,https://dadosabertos.camara.leg.br/api/v2/proposicoes/2599579/autores,https://www.camara.leg.br/proposicoesWeb/prop_mostrarintegra?codteor=3072499,Duda Ramos,,,Duda Ramos,2026-04-15T21:55,Encerramento de Prazo,CE,monitorar,baixo,alto,risco_regulatorio,dados pessoais,camara_proposicoes,Câmara dos Deputados - Dados Abertos,https://dadosabertos.camara.leg.br/api/v2/proposicoes,2026-05-18T09:06:37.310287+00:00,false
2599698,https://dadosabertos.camara.leg.br/api/v2/proposicoes/2599698,PL,139,7089,2025,"Institui a Política Nacional de Substituição de Químicos Perigosos, estabelece instrumentos de incentivo à química verde e à inovação tecnológica, cria lista negativa progressiva de substâncias e dá outras providências.",2025-12-22T21:18,https://dadosabertos.camara.leg.br/api/v2/proposicoes/2599698/autores,https://www.camara.leg.br/proposicoesWeb/prop_mostrarintegra?codteor=3072625,Duda Ramos,,,Duda Ramos,2026-02-27T10:44,Recebimento,CSAUDE,monitorar,baixo,medio,fomento_pesquisa_inovacao,inovacao tecnologica;inovação tecnológica,camara_proposicoes,Câmara dos Deputados - Dados Abertos,https://dadosabertos.camara.leg.br/api/v2/proposicoes,2026-05-18T09:06:37.310287+00:00,false
2599741,https://dadosabertos.camara.leg.br/api/v2/proposicoes/2599741,PL,139,7132,2025,"Altera a Lei nº 12.965, de 23 de abril de 2014 (Marco Civil da Internet), para instituir a obrigatoriedade de auditoria de vieses em sistemas de Inteligência Artificial de alto risco.",2025-12-22T22:58,https://dadosabertos.camara.leg.br/api/v2/proposicoes/2599741/autores,https://www.camara.leg.br/proposicoesWeb/prop_mostrarintegra?codteor=3072672,Amom Mandel,,,Amom Mandel,2026-04-06T14:31,Apensação,PL233823,monitorar,baixo,baixo,monitoramento,inteligencia artificial;inteligência artificial,camara_proposicoes,Câmara dos Deputados - Dados Abertos,https://dadosabertos.camara.leg.br/api/v2/proposicoes,2026-05-18T09:06:37.310287+00:00,false
2599744,https://dadosabertos.camara.leg.br/api/v2/proposicoes/2599744,PL,139,7135,2025,"Altera a Lei nº 8.248, de 23 de outubro de 1991 (Lei de Informática), para estabelecer critérios de inclusão social e digital em Inteligência Artificial como contrapartida obrigatória para a fruição de incentivos fiscais.",2025-12-22T22:58,https://dadosabertos.camara.leg.br/api/v2/proposicoes/2599744/autores,https://www.camara.leg.br/proposicoesWeb/prop_mostrarintegra?codteor=3072675,Amom Mandel,,,Amom Mandel,2026-05-14T10:54,Encerramento de Prazo,CCTI,monitorar,baixo,baixo,monitoramento,inteligencia artificial;inteligência artificial,camara_proposicoes,Câmara dos Deputados - Dados Abertos,https://dadosabertos.camara.leg.br/api/v2/proposicoes,2026-05-18T09:06:37.310287+00:00,false
2599746,https://dadosabertos.camara.leg.br/api/v2/proposicoes/2599746,PL,139,7137,2025,"Altera a Lei nº 9.394, de 20 de dezembro de 1996 (Lei de Diretrizes e Bases da Educação Nacional), para incluir a literacia e cidadania digital, com ênfase em Inteligência Artificial, como tema transversal na educação básica e superior da rede pública de ensino.",2025-12-22T22:58,https://dadosabertos.camara.leg.br/api/v2/proposicoes/2599746/autores,https://www.camara.leg.br/proposicoesWeb/prop_mostrarintegra?codteor=3072678,Amom Mandel,,,Amom Mandel,2026-03-25T00:00,Publicação de Proposição,CCP,monitorar,baixo,baixo,monitoramento,inteligencia artificial;inteligência artificial,camara_proposicoes,Câmara dos Deputados - Dados Abertos,https://dadosabertos.camara.leg.br/api/v2/proposicoes,2026-05-18T09:06:37.310287+00:00,false
2600015,https://dadosabertos.camara.leg.br/api/v2/proposicoes/2600015,PL,139,19,2026,"Estabelece condições, deveres e restrições ao uso de óculos inteligentes com recursos de inteligência artificial, altera a Lei nº 9.503, de 23 de setembro de 1997 (Código de Trânsito Brasileiro) e o Decreto-Lei nº 2.848, de 7 de dezembro de 1940 (Código Penal), e dá outras providências.",2026-02-02T09:32,https://dadosabertos.camara.leg.br/api/v2/proposicoes/2600015/autores,https://www.camara.leg.br/proposicoesWeb/prop_mostrarintegra?codteor=3075824,Carlos Zarattini,,,Carlos Zarattini,2026-05-15T10:26,Publicação de Proposição,CCP,monitorar,baixo,alto,risco_regulatorio,inteligencia artificial;inteligência artificial;dados pessoais,camara_proposicoes,Câmara dos Deputados - Dados Abertos,https://dadosabertos.camara.leg.br/api/v2/proposicoes,2026-05-18T09:06:37.310287+00:00,false
2600154,https://dadosabertos.camara.leg.br/api/v2/proposicoes/2600154,PL,139,83,2026,"Dispõe sobre a identificação obrigatória de conteúdos gerados ou manipulados por inteligência artificial, estabelece responsabilidade objetiva das plataformas digitais e tipifica condutas relacionadas à difusão de deepfakes.",2026-02-02T14:26,https://dadosabertos.camara.leg.br/api/v2/proposicoes/2600154/autores,https://www.camara.leg.br/proposicoesWeb/prop_mostrarintegra?codteor=3076637,Pastor Henrique Vieira,,,Pastor Henrique Vieira,2026-03-25T00:00,Publicação de Proposição,CCP,monitorar,baixo,alto,risco_regulatorio,inteligencia artificial;inteligência artificial,camara_proposicoes,Câmara dos Deputados - Dados Abertos,https://dadosabertos.camara.leg.br/api/v2/proposicoes,2026-05-18T09:06:37.310287+00:00,false
2600618,https://dadosabertos.camara.leg.br/api/v2/proposicoes/2600618,PL,139,212,2026,"Criminaliza a produção e a disseminação de conteúdo audiovisual, sonoro ou visual gerado ou manipulado por inteligência artificial (deepfakes) e dá outras providências.",2026-02-03T17:35,https://dadosabertos.camara.leg.br/api/v2/proposicoes/2600618/autores,https://www.camara.leg.br/proposicoesWeb/prop_mostrarintegra?codteor=3078129,Rubens Pereira Júnior,,,Rubens Pereira Júnior,2026-05-07T13:04,Designação de Relator(a),CCOM,em_tramitacao,medio,alto,risco_regulatorio,inteligencia artificial;inteligência artificial;dados pessoais,camara_proposicoes,Câmara dos Deputados - Dados Abertos,https://dadosabertos.camara.leg.br/api/v2/proposicoes,2026-05-18T09:06:37.310287+00:00,false
2600713,https://dadosabertos.camara.leg.br/api/v2/proposicoes/2600713,PL,139,240,2026,"Altera a Lei nº 11.326, de 24 de julho de 2006, para instituir sistema informatizado com recursos de inteligência artificial no âmbito da agricultura familiar.",2026-02-04T09:18,https://dadosabertos.camara.leg.br/api/v2/proposicoes/2600713/autores,https://www.camara.leg.br/proposicoesWeb/prop_mostrarintegra?codteor=3078303,Carlos Henrique Gaguim,,,Carlos Henrique Gaguim,2026-04-30T12:01,Parecer do(a) Relator(a),CAPADR,em_tramitacao,medio,baixo,monitoramento,inteligencia artificial;inteligência artificial,camara_proposicoes,Câmara dos Deputados - Dados Abertos,https://dadosabertos.camara.leg.br/api/v2/proposicoes,2026-05-18T09:06:37.310287+00:00,false
2601059,https://dadosabertos.camara.leg.br/api/v2/proposicoes/2601059,PL,139,323,2026,"Cria o Fundo Nacional de Inovação, Desenvolvimento, Massificação e Universalização em Educação Digital e Inteligência Artificial (FinEducaDigital).",2026-02-05T11:11,https://dadosabertos.camara.leg.br/api/v2/proposicoes/2601059/autores,https://www.camara.leg.br/proposicoesWeb/prop_mostrarintegra?codteor=3078931,Heloísa Helena,,,Heloísa Helena,2026-05-15T09:30,Encerramento de Prazo,CCOM,monitorar,baixo,medio,fomento_pesquisa_inovacao,inteligencia artificial;inteligência artificial;inovacao tecnologica;inovação tecnológica,camara_proposicoes,Câmara dos Deputados - Dados Abertos,https://dadosabertos.camara.leg.br/api/v2/proposicoes,2026-05-18T09:06:37.310287+00:00,false
2601941,https://dadosabertos.camara.leg.br/api/v2/proposicoes/2601941,PL,139,428,2026,"Altera o § 2º-A do art. 171 do Decreto-Lei nº 2.848, de 7 de dezembro de 1940 (Código Penal), passando a prever como modalidade de fraude eletrônica aquela cometida mediante uso de imagens, vídeos ou áudios gerados por inteligência artificial.",2026-02-10T13:59,https://dadosabertos.camara.leg.br/api/v2/proposicoes/2601941/autores,https://www.camara.leg.br/proposicoesWeb/prop_mostrarintegra?codteor=3080829,Chris Tonietto,,,Chris Tonietto,2026-03-18T19:49,Apensação,CCJC,monitorar,baixo,alto,risco_regulatorio,inteligencia artificial;inteligência artificial;dados pessoais,camara_proposicoes,Câmara dos Deputados - Dados Abertos,https://dadosabertos.camara.leg.br/api/v2/proposicoes,2026-05-18T09:06:37.310287+00:00,false
2602199,https://dadosabertos.camara.leg.br/api/v2/proposicoes/2602199,PL,139,449,2026,Estabelece procedimentos e critérios para reconhecimento e manutenção de regimes de adequação de proteção de dados pessoais perante autoridades estrangeiras e dá outras providências.,2026-02-10T18:28,https://dadosabertos.camara.leg.br/api/v2/proposicoes/2602199/autores,https://www.camara.leg.br/proposicoesWeb/prop_mostrarintegra?codteor=3081150,Rubens Pereira Júnior,,,Rubens Pereira Júnior,2026-03-19T18:41,Recebimento,CREDN,monitorar,baixo,alto,risco_regulatorio,dados pessoais,camara_proposicoes,Câmara dos Deputados - Dados Abertos,https://dadosabertos.camara.leg.br/api/v2/proposicoes,2026-05-18T09:06:37.310287+00:00,false
2602201,https://dadosabertos.camara.leg.br/api/v2/proposicoes/2602201,PL,139,450,2026,"Dispõe sobre obrigações de transparência, retenção de registros, rotulagem de conteúdo político gerado ou amplificado por algoritmos no período eleitoral e dá outras providências.",2026-02-10T18:34,https://dadosabertos.camara.leg.br/api/v2/proposicoes/2602201/autores,https://www.camara.leg.br/proposicoesWeb/prop_mostrarintegra?codteor=3081152,Rubens Pereira Júnior,,,Rubens Pereira Júnior,2026-05-07T12:49,Designação de Relator(a),CCOM,em_tramitacao,medio,alto,risco_regulatorio,inteligencia artificial;inteligência artificial;algoritmo;dados pessoais,camara_proposicoes,Câmara dos Deputados - Dados Abertos,https://dadosabertos.camara.leg.br/api/v2/proposicoes,2026-05-18T09:06:37.310287+00:00,false
2602287,https://dadosabertos.camara.leg.br/api/v2/proposicoes/2602287,PL,139,453,2026,"Estabelece a obrigatoriedade de inserção de selo, marca d’água ou aviso visível em vídeos, imagens, áudios e demais conteúdos digitais produzidos total ou parcialmente por sistemas de Inteligência Artificial e veiculados no Brasil, inclusive em redes sociais, plataformas digitais e aplicativos de mensagens, com o objetivo de prevenir a desinformação, proteger a honra, a imagem, a privacidade dos cidadãos e coibir usos nocivos da tecnologia e dá outras providências.",2026-02-10T19:45,https://dadosabertos.camara.leg.br/api/v2/proposicoes/2602287/autores,https://www.camara.leg.br/proposicoesWeb/prop_mostrarintegra?codteor=3081317,Pastor Sargento Isidório,,,Pastor Sargento Isidório,2026-03-25T00:00,Publicação de Proposição,CCP,monitorar,baixo,baixo,monitoramento,inteligencia artificial;inteligência artificial,camara_proposicoes,Câmara dos Deputados - Dados Abertos,https://dadosabertos.camara.leg.br/api/v2/proposicoes,2026-05-18T09:06:37.310287+00:00,false
2603749,https://dadosabertos.camara.leg.br/api/v2/proposicoes/2603749,PL,139,649,2026,"Institui a obrigatoriedade de utilização de câmeras corporais e veiculares dotadas de Inteligência Artificial para reconhecimento facial e leitura automática de placas de veículos, integradas exclusivamente a bancos oficiais de mandados de prisão e restrição judicial, estabelece regras de governança algorítmica, proteção de dados, auditoria independente e responsabilização funcional, e dá outras providências.",2026-02-23T10:54,https://dadosabertos.camara.leg.br/api/v2/proposicoes/2603749/autores,https://www.camara.leg.br/proposicoesWeb/prop_mostrarintegra?codteor=3085934,Marcos Tavares,,,Marcos Tavares,2026-02-23T10:54,Apresentação de Proposição,MESA,monitorar,baixo,baixo,monitoramento,inteligencia artificial;inteligência artificial,camara_proposicoes,Câmara dos Deputados - Dados Abertos,https://dadosabertos.camara.leg.br/api/v2/proposicoes,2026-05-18T09:06:37.310287+00:00,false
2604028,https://dadosabertos.camara.leg.br/api/v2/proposicoes/2604028,PL,139,682,2026,"Dispõe sobre a transparência na formação de preços em aplicativos de transporte individual privado de passageiros, bem como sobre a vedação da utilização de dados pessoais e sensíveis do usuário, como critério para majoração de tarifas.",2026-02-24T13:19,https://dadosabertos.camara.leg.br/api/v2/proposicoes/2604028/autores,https://www.camara.leg.br/proposicoesWeb/prop_mostrarintegra?codteor=3086767,Aureo Ribeiro,,,Aureo Ribeiro,2026-05-15T09:30,Encerramento de Prazo,CCOM,monitorar,baixo,alto,risco_regulatorio,algoritmo;dados pessoais,camara_proposicoes,Câmara dos Deputados - Dados Abertos,https://dadosabertos.camara.leg.br/api/v2/proposicoes,2026-05-18T09:06:37.310287+00:00,false
2604146,https://dadosabertos.camara.leg.br/api/v2/proposicoes/2604146,PL,139,704,2026,"Estabelece as prioridades estruturantes para o desenvolvimento, a implementação e o uso da inteligência artificial no Brasil, define o combate à corrupção e a redução das desigualdades sociais como núcleo orientador da tecnologia, e dá outras providências.",2026-02-24T14:35,https://dadosabertos.camara.leg.br/api/v2/proposicoes/2604146/autores,https://www.camara.leg.br/proposicoesWeb/prop_mostrarintegra?codteor=3086962,Duda Ramos,,,Duda Ramos,2026-04-06T14:27,Recebimento,PL233823,monitorar,baixo,medio,fomento_pesquisa_inovacao,inteligencia artificial;inteligência artificial,camara_proposicoes,Câmara dos Deputados - Dados Abertos,https://dadosabertos.camara.leg.br/api/v2/proposicoes,2026-05-18T09:06:37.310287+00:00,false
2604767,https://dadosabertos.camara.leg.br/api/v2/proposicoes/2604767,PL,139,762,2026,Estabelece marco regulatório para sistemas de inteligência artificial (IA) em setores de alta consequência e dá outras providências.,2026-02-25T15:55,https://dadosabertos.camara.leg.br/api/v2/proposicoes/2604767/autores,https://www.camara.leg.br/proposicoesWeb/prop_mostrarintegra?codteor=3088155,Rubens Pereira Júnior,,,Rubens Pereira Júnior,2026-04-06T14:27,Recebimento,PL233823,monitorar,baixo,alto,risco_regulatorio,inteligencia artificial;inteligência artificial;dados pessoais,camara_proposicoes,Câmara dos Deputados - Dados Abertos,https://dadosabertos.camara.leg.br/api/v2/proposicoes,2026-05-18T09:06:37.310287+00:00,false
2606324,https://dadosabertos.camara.leg.br/api/v2/proposicoes/2606324,PL,139,904,2026,"Institui normas de responsabilidade, transparência e auditabilidade para sistemas de inteligência artificial de alto impacto e dá outras providências.",2026-03-03T18:26,https://dadosabertos.camara.leg.br/api/v2/proposicoes/2606324/autores,https://www.camara.leg.br/proposicoesWeb/prop_mostrarintegra?codteor=3091458,Rubens Pereira Júnior,,,Rubens Pereira Júnior,2026-03-03T18:26,Apresentação de Proposição,MESA,monitorar,baixo,alto,risco_regulatorio,inteligencia artificial;inteligência artificial;dados pessoais,camara_proposicoes,Câmara dos Deputados - Dados Abertos,https://dadosabertos.camara.leg.br/api/v2/proposicoes,2026-05-18T09:06:37.310287+00:00,false
2607218,https://dadosabertos.camara.leg.br/api/v2/proposicoes/2607218,PL,139,974,2026,Estabelece critérios de governança de Agentes de Inteligência Artificial e altera a Lei nº 12.965/2014 (Marco Civil da Internet) e a Lei nº 13.709/2018 (Lei Geral de Protação de Dados Pessoais).,2026-03-05T15:55,https://dadosabertos.camara.leg.br/api/v2/proposicoes/2607218/autores,https://www.camara.leg.br/proposicoesWeb/prop_mostrarintegra?codteor=3093347,Rodrigo Gambale,,,Rodrigo Gambale,2026-03-05T15:55,Apresentação de Proposição,MESA,monitorar,baixo,alto,risco_regulatorio,inteligencia artificial;inteligência artificial;dados pessoais,camara_proposicoes,Câmara dos Deputados - Dados Abertos,https://dadosabertos.camara.leg.br/api/v2/proposicoes,2026-05-18T09:06:37.310287+00:00,false
2607741,https://dadosabertos.camara.leg.br/api/v2/proposicoes/2607741,PL,139,1074,2026,"Institui medidas de incentivo ao desenvolvimento de sistemas de inteligência artificial brasileiros; altera a Lei nº 11.196, de 21 de novembro de 2005, e a Lei nº 11.540, de 12 de novembro de 2007.",2026-03-10T15:56,https://dadosabertos.camara.leg.br/api/v2/proposicoes/2607741/autores,https://www.camara.leg.br/proposicoesWeb/prop_mostrarintegra?codteor=3094690,Caio Vianna,,,Caio Vianna,2026-05-08T09:01,Encerramento de Prazo,CCTI,monitorar,baixo,medio,fomento_pesquisa_inovacao,inteligencia artificial;inteligência artificial,camara_proposicoes,Câmara dos Deputados - Dados Abertos,https://dadosabertos.camara.leg.br/api/v2/proposicoes,2026-05-18T09:06:37.310287+00:00,false
2608537,https://dadosabertos.camara.leg.br/api/v2/proposicoes/2608537,PL,139,1130,2026,"Altera o Decreto-Lei nº 3.689, de 3 de outubro de 1941 (Código de Processo Penal), para reforçar a garantia de fundamentação das decisões judiciais e estabelecer limites à utilização de sistemas automatizados ou de inteligência artificial em processos que envolvam crimes contra a dignidade sexual ou crimes praticados contra criança ou adolescente.",2026-03-12T09:06,https://dadosabertos.camara.leg.br/api/v2/proposicoes/2608537/autores,https://www.camara.leg.br/proposicoesWeb/prop_mostrarintegra?codteor=3096436,Capitão Alden,,,Capitão Alden,2026-04-14T12:13,Recebimento,CCTI,monitorar,baixo,alto,risco_regulatorio,inteligencia artificial;inteligência artificial,camara_proposicoes,Câmara dos Deputados - Dados Abertos,https://dadosabertos.camara.leg.br/api/v2/proposicoes,2026-05-18T09:06:37.310287+00:00,false
2609003,https://dadosabertos.camara.leg.br/api/v2/proposicoes/2609003,PL,139,750,2026,"Institui, no âmbito do Programa Antes Que Aconteça, o Programa Nacional de Monitoramento de Agressores com Uso de Tecnologia por Inteligência Artificial (PNM-IA), com a finalidade de prevenir a violência doméstica, assegurar a efetividade das medidas protetivas de urgência, ampliar a proteção das vítimas por meio do uso de tecnologias digitais e de inteligência artificial, e subsidiar a atuação preventiva e repressiva dos órgãos de segurança pública, do Ministério Público e do Poder Judiciário.",2026-03-13T18:02,https://dadosabertos.camara.leg.br/api/v2/proposicoes/2609003/autores,https://www.camara.leg.br/proposicoesWeb/prop_mostrarintegra?codteor=3097819,Senado Federal - Senador Eduardo Braga,,,Senado Federal - Senador Eduardo Braga,2026-03-18T20:06,Designação de Relator(a),CCTI,em_tramitacao,medio,baixo,monitoramento,inteligencia artificial;inteligência artificial,camara_proposicoes,Câmara dos Deputados - Dados Abertos,https://dadosabertos.camara.leg.br/api/v2/proposicoes,2026-05-18T09:06:37.310287+00:00,false
2609022,https://dadosabertos.camara.leg.br/api/v2/proposicoes/2609022,PL,139,1175,2026,"Altera a Lei nº 9.503, de 23 de setembro de 1997 (Código de Trânsito Brasileiro), para vedar a utilização de drones, satélites e sistemas baseados em inteligência artificial para aplicação exclusiva de multas de trânsito.",2026-03-16T14:48,https://dadosabertos.camara.leg.br/api/v2/proposicoes/2609022/autores,https://www.camara.leg.br/proposicoesWeb/prop_mostrarintegra?codteor=3097959,Caroline de Toni,,,Caroline de Toni,2026-04-23T11:02,Apensação,CVT,monitorar,baixo,baixo,monitoramento,inteligencia artificial;inteligência artificial,camara_proposicoes,Câmara dos Deputados - Dados Abertos,https://dadosabertos.camara.leg.br/api/v2/proposicoes,2026-05-18T09:06:37.310287+00:00,false
2609587,https://dadosabertos.camara.leg.br/api/v2/proposicoes/2609587,PL,139,1225,2026,"Dispõe sobre o uso de sistemas de reconhecimento facial e outras tecnologias biométricas em instituições de ensino da educação básica; estabelece requisitos de consentimento, transparência algorítmica e proteção de dados de crianças e adolescentes; proíbe a vinculação automática de registros de frequência gerados por algoritmos a sistemas de benefícios socioassistenciais; e dá outras providências.",2026-03-17T17:23,https://dadosabertos.camara.leg.br/api/v2/proposicoes/2609587/autores,https://www.camara.leg.br/proposicoesWeb/prop_mostrarintegra?codteor=3099156,Ana Paula Lima,,,Ana Paula Lima,2026-05-14T10:54,Encerramento de Prazo,CCTI,monitorar,baixo,alto,risco_regulatorio,algoritmo;dados pessoais,camara_proposicoes,Câmara dos Deputados - Dados Abertos,https://dadosabertos.camara.leg.br/api/v2/proposicoes,2026-05-18T09:06:37.310287+00:00,false
2610302,https://dadosabertos.camara.leg.br/api/v2/proposicoes/2610302,PL,139,1254,2026,"Altera a Lei nº 8.080, de 19 de setembro de 1990 (Lei Orgânica da Saúde), para regulamentar a aplicação das tecnologias de inteligência artificial na saúde e vedar a aplicação dessas ferramentas simulando de forma realista a atuação de profissionais de saúde.",2026-03-18T14:52,https://dadosabertos.camara.leg.br/api/v2/proposicoes/2610302/autores,https://www.camara.leg.br/proposicoesWeb/prop_mostrarintegra?codteor=3100346,Helder Salomão,,,Helder Salomão,2026-04-22T13:29,Recebimento,CSAUDE,monitorar,baixo,baixo,monitoramento,inteligencia artificial;inteligência artificial,camara_proposicoes,Câmara dos Deputados - Dados Abertos,https://dadosabertos.camara.leg.br/api/v2/proposicoes,2026-05-18T09:06:37.310287+00:00,false
2607743,https://dadosabertos.camara.leg.br/api/v2/proposicoes/2607743,PLP,140,49,2026,"Altera a Lei Complementar nº 123, de 14 de dezembro de 2006, para permitir que microempresas e empresas de pequeno porte optantes pelo Simples Nacional apurem crédito fiscal decorrente de dispêndios com o desenvolvimento de sistemas de inteligência artificial brasileiros.",2026-03-10T15:56,https://dadosabertos.camara.leg.br/api/v2/proposicoes/2607743/autores,https://www.camara.leg.br/proposicoesWeb/prop_mostrarintegra?codteor=3094694,Caio Vianna,,,Caio Vianna,2026-03-10T15:56,Apresentação de Proposição,MESA,monitorar,baixo,medio,fomento_pesquisa_inovacao,inteligencia artificial;inteligência artificial;inovacao tecnologica;inovação tecnológica,camara_proposicoes,Câmara dos Deputados - Dados Abertos,https://dadosabertos.camara.leg.br/api/v2/proposicoes,2026-05-18T09:06:37.310287+00:00,false
2611406,https://dadosabertos.camara.leg.br/api/v2/proposicoes/2611406,PL,139,1346,2026,"Institui o Programa Nacional de Qualificação Profissional e Empreendedorismo no Acolhimento (PROQUAPE), altera a Lei nº 11.343, de 23 de agosto de 2006, a Lei nº 9.394, de 20 de dezembro de 1996, e a Lei nº 14.133, de 1º de abril de 2021, para garantir formação técnica, incentivos à empregabilidade e inovação tecnológica no acolhimento em comunidades terapêuticas acolhedora.",2026-03-24T11:50,https://dadosabertos.camara.leg.br/api/v2/proposicoes/2611406/autores,https://www.camara.leg.br/proposicoesWeb/prop_mostrarintegra?codteor=3103223,Eros Biondini,,,Eros Biondini,2026-05-06T10:27,Recebimento,CTRAB,monitorar,baixo,medio,fomento_pesquisa_inovacao,inovacao tecnologica;inovação tecnológica,camara_proposicoes,Câmara dos Deputados - Dados Abertos,https://dadosabertos.camara.leg.br/api/v2/proposicoes,2026-05-18T09:06:37.310287+00:00,false
2612704,https://dadosabertos.camara.leg.br/api/v2/proposicoes/2612704,PL,139,1476,2026,"Institui a obrigatoriedade de Avaliação de Impacto Regulatório e Econômico (AIR?AI) para quaisquer projetos de lei ou atos normativos federais que disponham sobre sistemas de inteligência artificial; define requisitos mínimos da AIR?AI (estudo ex ante de custos e benefícios, análise de proporcionalidade e alternativas menos onerosas, consulta pública, transparência de dados e metodologias, revisão por parecer independente, implementação faseada, sandboxes regulatórios e cláusulas?sunset ou avaliações ex post); disciplina competência, prazos, conteúdo mínimo dos estudos, responsabilidades e sanções administrativas; altera dispositivos correlatos para assegurar a eficácia da avaliação; e dá outras providências.",2026-03-30T14:18,https://dadosabertos.camara.leg.br/api/v2/proposicoes/2612704/autores,https://www.camara.leg.br/proposicoesWeb/prop_mostrarintegra?codteor=3106655,Rubens Pereira Júnior,,,Rubens Pereira Júnior,2026-05-06T10:09,Recebimento,CASP,monitorar,baixo,alto,risco_regulatorio,inteligencia artificial;inteligência artificial,camara_proposicoes,Câmara dos Deputados - Dados Abertos,https://dadosabertos.camara.leg.br/api/v2/proposicoes,2026-05-18T09:06:37.310287+00:00,false
2612781,https://dadosabertos.camara.leg.br/api/v2/proposicoes/2612781,PL,139,1495,2026,"Institui a Lei de Aprendizado, Integridade e Comunicação das Políticas Públicas (LAICP); obriga programas que recebam transferências federais ou representem gasto relevante a elaborar e implementar Plano de Integridade e Aprendizado (PIA); cria Portal Nacional de Transparência Programática interoperável e protocolos oficiais de comunicação para redes sociais; institui o Conselho Nacional de Aprendizado e Integridade; disciplina vinculação condicional de parcela das transferências a metas mínimas de implementação do PIA, mecanismos de apoio técnico, obrigação de planos corretivos e relatórios públicos pós?incidente; estabelece requisitos de avaliação de risco, indicadores de resultado e risco, mecanismos de revisão adaptativa e sanções administrativas e disciplinarias, observadas a proteção de dados pessoais e competências constitucionais dos órgãos de controle.",2026-03-30T17:15,https://dadosabertos.camara.leg.br/api/v2/proposicoes/2612781/autores,https://www.camara.leg.br/proposicoesWeb/prop_mostrarintegra?codteor=3106848,Rubens Pereira Júnior,,,Rubens Pereira Júnior,2026-05-06T10:36,Recebimento,CCOM,monitorar,baixo,alto,risco_regulatorio,dados pessoais,camara_proposicoes,Câmara dos Deputados - Dados Abertos,https://dadosabertos.camara.leg.br/api/v2/proposicoes,2026-05-18T09:06:37.310287+00:00,false
2612787,https://dadosabertos.camara.leg.br/api/v2/proposicoes/2612787,PL,139,1501,2026,"Estabelece obrigações de transparência, auditoria e mitigação de riscos informacionais para provedores de sistemas de Inteligência Artificial com operação significativa no Brasil durante períodos eleitorais; institui requisitos para Relatórios de Impacto Informacional, rotulagem de conteúdos eleitorais gerados por IA, proíbe micro?targeting persuasivo em janelas eleitorais, disciplina cooperação com autoridades eleitorais e de proteção de dados e prevê regime sancionatório administrativo proporcional.",2026-03-30T17:24,https://dadosabertos.camara.leg.br/api/v2/proposicoes/2612787/autores,https://www.camara.leg.br/proposicoesWeb/prop_mostrarintegra?codteor=3106854,Rubens Pereira Júnior,,,Rubens Pereira Júnior,2026-05-06T09:39,Recebimento,CCTI,monitorar,baixo,alto,risco_regulatorio,inteligencia artificial;inteligência artificial;dados pessoais,camara_proposicoes,Câmara dos Deputados - Dados Abertos,https://dadosabertos.camara.leg.br/api/v2/proposicoes,2026-05-18T09:06:37.310287+00:00,false
2612805,https://dadosabertos.camara.leg.br/api/v2/proposicoes/2612805,PL,139,1516,2026,"Disciplina o acesso, o manuseio, a custódia e o compartilhamento de material apreendido em investigações e operações policiais que contenham dados pessoais, dispondo sobre requisitos técnicos de armazenamento, inventário auditável e cadeia de custódia; estabelece procedimento de separação técnica e redação de dados pessoais estritamente privados sob supervisão judicial antes de qualquer compartilhamento; condiciona o fornecimento de cópias a comissões parlamentares e a outros órgãos à autorização judicial específica, motivada e temporalmente limitada; determina prazos e procedimentos para restituição ou destruição de dados irrelevantes; prevê sanções administrativas e criminais para divulgação ou vazamento indevido de conteúdo íntimo e medidas de fiscalização, auditoria e transparência; e dá outras providências.",2026-03-30T17:50,https://dadosabertos.camara.leg.br/api/v2/proposicoes/2612805/autores,https://www.camara.leg.br/proposicoesWeb/prop_mostrarintegra?codteor=3106880,Rubens Pereira Júnior,,,Rubens Pereira Júnior,2026-05-14T00:00,Publicação de Proposição,CCP,monitorar,baixo,alto,risco_regulatorio,dados pessoais,camara_proposicoes,Câmara dos Deputados - Dados Abertos,https://dadosabertos.camara.leg.br/api/v2/proposicoes,2026-05-18T09:06:37.310287+00:00,false
2612814,https://dadosabertos.camara.leg.br/api/v2/proposicoes/2612814,PL,139,1523,2026,"Estabelece princípios, deveres e medidas de responsabilidade, transparência e equidade para sistemas de inteligência artificial; obriga classificação por risco e institui avaliação prévia pública de impacto de discriminação algorítmica; impõe requisitos de transparência de bases de dados e métricas por subgrupos, governança, diversidade técnica e de decisão, direito de revisão humana e mecanismos de contestação de decisões automatizadas; proíbe uso discriminatório de características protegidas salvo justificativa técnica e autorização regulatória; disciplina auditorias independentes periódicas, registro público de modelos de alto risco e sanções administrativas por descumprimento; e dá outras providências.",2026-03-30T18:01,https://dadosabertos.camara.leg.br/api/v2/proposicoes/2612814/autores,https://www.camara.leg.br/proposicoesWeb/prop_mostrarintegra?codteor=3106945,Rubens Pereira Júnior,,,Rubens Pereira Júnior,2026-03-30T18:01,Apresentação de Proposição,MESA,monitorar,baixo,alto,risco_regulatorio,inteligencia artificial;inteligência artificial,camara_proposicoes,Câmara dos Deputados - Dados Abertos,https://dadosabertos.camara.leg.br/api/v2/proposicoes,2026-05-18T09:06:37.310287+00:00,false
2612816,https://dadosabertos.camara.leg.br/api/v2/proposicoes/2612816,PL,139,1525,2026,"Institui o Selo Nacional de Inovação Jurídica, cria programa federal de fomento, priorização e incentivos às contratações públicas para soluções tecnológicas certificadas segundo critérios técnicos (transparência, governança de dados, auditoria de IA, interoperabilidade e evidência de impacto); disciplina requisitos de acreditação, certificação e governança do selo; concede instrumentos de fomento financeiro e fiscal condicionados à certificação; exige adoção preferencial de soluções interoperáveis e certificadas por órgãos e departamentos jurídicos da administração pública, quando compatíveis com suas competências e autonomia; e dá outras providências.",2026-03-30T18:05,https://dadosabertos.camara.leg.br/api/v2/proposicoes/2612816/autores,https://www.camara.leg.br/proposicoesWeb/prop_mostrarintegra?codteor=3106947,Rubens Pereira Júnior,,,Rubens Pereira Júnior,2026-03-30T18:05,Apresentação de Proposição,MESA,monitorar,baixo,medio,fomento_pesquisa_inovacao,governanca de dados;governança de dados;inovacao tecnologica;inovação tecnológica,camara_proposicoes,Câmara dos Deputados - Dados Abertos,https://dadosabertos.camara.leg.br/api/v2/proposicoes,2026-05-18T09:06:37.310287+00:00,false
2612845,https://dadosabertos.camara.leg.br/api/v2/proposicoes/2612845,PL,139,1528,2026,"Dispõe sobre transparência, identificação e responsabilização de conteúdos gerados ou manipulados por sistemas de inteligência artificial, estabelecendo obrigações de marcação técnica e visual, manutenção de registros de proveniência, rotulagem reforçada para deepfakes e conteúdos multimodais, deveres de governança e cooperação com autoridades para investigação de danos, proteção de dados pessoais e salvaguardas à liberdade de expressão; delega à autoridade federal técnica a definição de padrões de interoperabilidade, protocolos forenses e cronograma de implementação; e dá outras providências",2026-03-30T18:13,https://dadosabertos.camara.leg.br/api/v2/proposicoes/2612845/autores,https://www.camara.leg.br/proposicoesWeb/prop_mostrarintegra?codteor=3106977,Rubens Pereira Júnior,,,Rubens Pereira Júnior,2026-03-30T18:13,Apresentação de Proposição,MESA,monitorar,baixo,alto,risco_regulatorio,inteligencia artificial;inteligência artificial;dados pessoais,camara_proposicoes,Câmara dos Deputados - Dados Abertos,https://dadosabertos.camara.leg.br/api/v2/proposicoes,2026-05-18T09:06:37.310287+00:00,false
2612846,https://dadosabertos.camara.leg.br/api/v2/proposicoes/2612846,PL,139,1529,2026,"Estabelece regras de transparência, identificação e responsabilidade para conteúdo sintético (deepfakes e conteúdo gerado por inteligência artificial) veiculado em ambiente digital no período eleitoral; obriga inserção de metadados legíveis por máquina e marca d’água criptográfica de proveniência em conteúdos sintéticos, impõe dever de preservação e propagação de metadados por plataformas, manutenção de logs auditáveis e mecanismos de contestação; institui período de restrição temporária à criação e distribuição de novos conteúdos sintéticos com imagem ou voz de candidatos (72 horas antes e 24 horas após votação), prevê exceções técnicas e garantias à liberdade de expressão, define padrão técnico e cronograma de implementação por autoridade reguladora competente, e dispõe sobre sanções administrativas proporcionais por descumprimento; e dá outras providências.",2026-03-30T18:14,https://dadosabertos.camara.leg.br/api/v2/proposicoes/2612846/autores,https://www.camara.leg.br/proposicoesWeb/prop_mostrarintegra?codteor=3106978,Rubens Pereira Júnior,,,Rubens Pereira Júnior,2026-05-14T00:00,Publicação de Proposição,CCP,monitorar,baixo,alto,risco_regulatorio,inteligencia artificial;inteligência artificial,camara_proposicoes,Câmara dos Deputados - Dados Abertos,https://dadosabertos.camara.leg.br/api/v2/proposicoes,2026-05-18T09:06:37.310287+00:00,false
2612896,https://dadosabertos.camara.leg.br/api/v2/proposicoes/2612896,PL,139,1542,2026,"Estabelece o Marco de Responsabilidade por Sistemas Autônomos no Brasil, disciplinando a responsabilidade civil, administrativa e regulatória por danos causados por sistemas baseados em inteligência artificial e automação decisória, e dá outras providências.",2026-03-31T10:51,https://dadosabertos.camara.leg.br/api/v2/proposicoes/2612896/autores,https://www.camara.leg.br/proposicoesWeb/prop_mostrarintegra?codteor=3107141,Lucas Abrahao,,,Lucas Abrahao,2026-03-31T10:51,Apresentação de Proposição,MESA,monitorar,baixo,alto,risco_regulatorio,inteligencia artificial;inteligência artificial;automacao;automação,camara_proposicoes,Câmara dos Deputados - Dados Abertos,https://dadosabertos.camara.leg.br/api/v2/proposicoes,2026-05-18T09:06:37.310287+00:00,false
2614617,https://dadosabertos.camara.leg.br/api/v2/proposicoes/2614617,PL,139,1696,2026,"Altera a Lei nº 11.419, de 19 de dezembro de 2006, com o objetivo de garantir maior segurança àqueles que participam de processos judiciais eletrônicos, mediante a limitação de acesso a seus dados pessoais.",2026-04-08T15:46,https://dadosabertos.camara.leg.br/api/v2/proposicoes/2614617/autores,https://www.camara.leg.br/proposicoesWeb/prop_mostrarintegra?codteor=3110527,Renata Abreu,,,Renata Abreu,2026-04-08T15:46,Apresentação de Proposição,MESA,monitorar,baixo,alto,risco_regulatorio,dados pessoais,camara_proposicoes,Câmara dos Deputados - Dados Abertos,https://dadosabertos.camara.leg.br/api/v2/proposicoes,2026-05-18T09:06:37.310287+00:00,false
2614941,https://dadosabertos.camara.leg.br/api/v2/proposicoes/2614941,PL,139,1729,2026,"Altera a Lei nº 13.432, de 11 de abril de 2017, para dispor sobre requisitos para o exercício da profissão de detetive particular, suas atribuições e o tratamento de dados pessoais no âmbito da atividade.",2026-04-09T14:39,https://dadosabertos.camara.leg.br/api/v2/proposicoes/2614941/autores,https://www.camara.leg.br/proposicoesWeb/prop_mostrarintegra?codteor=3111183,Celso Russomanno,,,Celso Russomanno,2026-04-09T14:39,Apresentação de Proposição,MESA,monitorar,baixo,alto,risco_regulatorio,dados pessoais,camara_proposicoes,Câmara dos Deputados - Dados Abertos,https://dadosabertos.camara.leg.br/api/v2/proposicoes,2026-05-18T09:06:37.310287+00:00,false
2615419,https://dadosabertos.camara.leg.br/api/v2/proposicoes/2615419,PL,139,1778,2026,"Altera a Lei nº 9.610, de 19 de fevereiro de 1998, para instituir o dever de transparência nas explorações digitais, estabelecer a nulidade de cláusulas impeditivas de regravação, criar o direito de reversão de direitos patrimoniais e proteger atributos da personalidade contra o uso por sistemas de inteligência artificial",2026-04-13T12:48,https://dadosabertos.camara.leg.br/api/v2/proposicoes/2615419/autores,https://www.camara.leg.br/proposicoesWeb/prop_mostrarintegra?codteor=3112081,Helio Lopes,,,Helio Lopes,2026-04-13T12:48,Apresentação de Proposição,MESA,monitorar,baixo,alto,risco_regulatorio,inteligencia artificial;inteligência artificial,camara_proposicoes,Câmara dos Deputados - Dados Abertos,https://dadosabertos.camara.leg.br/api/v2/proposicoes,2026-05-18T09:06:37.310287+00:00,false
2616119,https://dadosabertos.camara.leg.br/api/v2/proposicoes/2616119,PL,139,1837,2026,"Altera a Lei nº 9.394, de 20 de dezembro de 1996, que estabelece as diretrizes e bases da educação nacional, para incluir disciplinas específicas de inteligência artificial e cibersegurança no currículo do ensino médio.",2026-04-14T20:48,https://dadosabertos.camara.leg.br/api/v2/proposicoes/2616119/autores,https://www.camara.leg.br/proposicoesWeb/prop_mostrarintegra?codteor=3113365,Cabo Gilberto Silva,,,Cabo Gilberto Silva,2026-04-14T20:48,Apresentação de Proposição,MESA,monitorar,baixo,baixo,monitoramento,inteligencia artificial;inteligência artificial,camara_proposicoes,Câmara dos Deputados - Dados Abertos,https://dadosabertos.camara.leg.br/api/v2/proposicoes,2026-05-18T09:06:37.310287+00:00,false
2617795,https://dadosabertos.camara.leg.br/api/v2/proposicoes/2617795,PL,139,1935,2026,"Altera a Lei nº 9.503, de 23 de setembro de 1997 (Código de Trânsito Brasileiro), para dispor sobre a obrigatoriedade de identificação do agente de trânsito responsável pela autuação, a responsabilidade pessoal do agente notificador e a exigência de imagens e vídeos claros, nítidos e inequívocos como condição de validade das notificações de infrações de trânsito, inclusive aquelas realizadas por sistemas automatizados e inteligência artificial.",2026-04-22T18:55,https://dadosabertos.camara.leg.br/api/v2/proposicoes/2617795/autores,https://www.camara.leg.br/proposicoesWeb/prop_mostrarintegra?codteor=3116697,Pastor Gil,,,Pastor Gil,2026-04-22T18:55,Apresentação de Proposição,MESA,monitorar,baixo,alto,risco_regulatorio,inteligencia artificial;inteligência artificial,camara_proposicoes,Câmara dos Deputados - Dados Abertos,https://dadosabertos.camara.leg.br/api/v2/proposicoes,2026-05-18T09:06:37.310287+00:00,false
2618665,https://dadosabertos.camara.leg.br/api/v2/proposicoes/2618665,PL,139,2001,2026,"Dispõe sobre a proibição de publicidade de dados pessoais, áudios, imagens e vídeos de Agentes de Segurança Pública nos meios de comunicação em geral, nas redes sociais baseadas na internet, aplicativos via internet, rede televisiva, publicações jornalísticas escritas e faladas (audiovisuais), radiodifusão e quaisquer outros recursos via internet.",2026-04-27T15:40,https://dadosabertos.camara.leg.br/api/v2/proposicoes/2618665/autores,https://www.camara.leg.br/proposicoesWeb/prop_mostrarintegra?codteor=3118575,Sargento Portugal,,,Sargento Portugal,2026-04-28T15:07,Apresentação de Requerimento,MESA,monitorar,baixo,alto,risco_regulatorio,dados pessoais,camara_proposicoes,Câmara dos Deputados - Dados Abertos,https://dadosabertos.camara.leg.br/api/v2/proposicoes,2026-05-18T09:06:37.310287+00:00,false
2618844,https://dadosabertos.camara.leg.br/api/v2/proposicoes/2618844,PL,139,2019,2026,"Institui a Política Nacional de Transição Laboral, Supervisão Humana e Limites à Substituição Automatizada no Mercado de Trabalho, estabelece parâmetros mínimos de proteção em face da automação e dá outras providências.",2026-04-28T12:36,https://dadosabertos.camara.leg.br/api/v2/proposicoes/2618844/autores,https://www.camara.leg.br/proposicoesWeb/prop_mostrarintegra?codteor=3118949,João Daniel,,,João Daniel,2026-04-28T12:36,Apresentação de Proposição,MESA,monitorar,baixo,medio,fomento_pesquisa_inovacao,inteligencia artificial;inteligência artificial;algoritmo;automacao;automação;inovacao tecnologica;inovação tecnológica,camara_proposicoes,Câmara dos Deputados - Dados Abertos,https://dadosabertos.camara.leg.br/api/v2/proposicoes,2026-05-18T09:06:37.310287+00:00,false
2619913,https://dadosabertos.camara.leg.br/api/v2/proposicoes/2619913,PL,139,2067,2026,"Institui o Fundo Nacional de Transição Tecnológica (FNTT), cria a Contribuição sobre Automação e Inteligência Artificial (CAIA) e estabelece mecanismos de proteção aos trabalhadores deslocados por tecnologias de automação e inteligência artificial.",2026-04-29T13:21,https://dadosabertos.camara.leg.br/api/v2/proposicoes/2619913/autores,https://www.camara.leg.br/proposicoesWeb/prop_mostrarintegra?codteor=3120496,Bacelar,,,Bacelar,2026-04-29T13:21,Apresentação de Proposição,MESA,monitorar,baixo,baixo,monitoramento,inteligencia artificial;inteligência artificial;automacao;automação,camara_proposicoes,Câmara dos Deputados - Dados Abertos,https://dadosabertos.camara.leg.br/api/v2/proposicoes,2026-05-18T09:06:37.310287+00:00,false
2620491,https://dadosabertos.camara.leg.br/api/v2/proposicoes/2620491,PL,139,2118,2026,"Acrescenta o § 4º ao art. 26 da Lei nº 11.771, de 17 de setembro de 2008, para vedar a integração de dados pessoais a sistemas de consulta fora das finalidades relativas ao turismo, e dá outras providências.",2026-04-30T15:31,https://dadosabertos.camara.leg.br/api/v2/proposicoes/2620491/autores,https://www.camara.leg.br/proposicoesWeb/prop_mostrarintegra?codteor=3121577,Alberto Fraga,,,Alberto Fraga,2026-04-30T15:31,Apresentação de Proposição,MESA,monitorar,baixo,alto,risco_regulatorio,dados pessoais,camara_proposicoes,Câmara dos Deputados - Dados Abertos,https://dadosabertos.camara.leg.br/api/v2/proposicoes,2026-05-18T09:06:37.310287+00:00,false
2622868,https://dadosabertos.camara.leg.br/api/v2/proposicoes/2622868,PL,139,2258,2026,"Veda a exploração, a oferta e a publicidade de jogos de azar baseados em resultado gerado por sistema eletrônico ou algoritmo, operados por meio digital ou pela internet no território nacional, revoga o art. 3º, inciso II, da Lei nº 14.790, de 29 de dezembro de 2023, e dá outras providências.",2026-05-07T10:27,https://dadosabertos.camara.leg.br/api/v2/proposicoes/2622868/autores,https://www.camara.leg.br/proposicoesWeb/prop_mostrarintegra?codteor=3125567,Paulo Pimenta,,,Paulo Pimenta,2026-05-07T10:27,Apresentação de Proposição,MESA,monitorar,baixo,baixo,monitoramento,algoritmo,camara_proposicoes,Câmara dos Deputados - Dados Abertos,https://dadosabertos.camara.leg.br/api/v2/proposicoes,2026-05-18T09:06:37.310287+00:00,false
